A,A,A,A,A,A,A,A,A,A,A,A,A,A,A,A,A,A,A,A,A,A,A,A,A,A,A,A,A,A,A,A,A,A,A,A,A,A,A,A,A,A,A,A,A,A,A,A,A,A,A,A,A,A,A,A,A,A,A,A,A,A,A,A,A,A,A,A,A,A,A,A,A,A,A,A,A,A,A,A,A,A,A,A,A,A,A,A,A,A,A,A,A,A,A,A,A,A,A,A,A,A,A,A,A,A,A,A,A,A,A,A,A,A,A,A,A,A,A,A,A,A,A,A,A,A,A,A,A,A,A,A,A,A,A,A,A,A,A,A,A,A,A,A,A,A,A,A,A,A,A,A,A,A,A,A,A,A,A,A,A,A,A,A,A,A,A,A,A,A,A,A,A,A,A,A,A,A,A,A,A,A,A,A,A,A,A,A,A,A,A,A,A,A,A,A,A,A,A,A,A,A,A,A,A,A,A,A,A,A,A,A,A,A,A,A,A,A,A,A,A,A,A,A,A,A,A,A,A,A,A,A,A,A,A,A,A,A,A,A,A,A,A,A,A,A,A,A,A,A,A,A,A,A,A,A,A,A,A,A,A,A,A,A,A,A,A,A,A,A,A,A,A,A,A,A,A,A,A,A,A,A,A,A,A,A,A,A,A,A,A,A,A,A,A,A,A,A,A,A,A,A,A,A,A,A,A,A,A,A,A,A,A,A,A,A,A,A,A,A,A,A,A,A,A,A,A,A,A,A,A,A,A,A,A,A,A,A,A,A,A,A,A,A,A,A,A,A,A,A,A,A,A,A,A,A,A,A,A,A,A,A,A,A,A,A,A,A,A,A,A,A,A,A,A,A,A,A,A,A,A,A,A,A,A,A,A,A,A,A,A,A,A,A,A,A,A,A,A,A,A,A,A,A,A,A,A,A,A,A,A,A,A,A,A,A,A,A,A,A,A,A,A,A,A,A,A,A,A,A,A,A,A,A,A,A,A,A,A,A,A,A,A,A,A,A,A,A,A,A,A,A,A,A,A,A,A,A,A,A,A,A,A,A,A,A,A,A,A,A,A,A,A,A,A,A,A,A,A,A,A,A,A,A,A,A,A,A,A,A,A,A,A,A,A,A,A,A,A,A
A,A,A,A,A,A,A,A,A,A,A,A,A,A,A,A,A,A,A,A,A,A,A,A,A,A,A,A,A,A,A,A,A,A,A,A,A,A,A,A,A,A,A,A,A,A,A,A,A,A,A,A,A,A,A,A,A,A,A,A,A,A,A,A,A,A,A,A,A,A,A,A,A,A,A,A,A,A,A,A,A,A,A,A,A,A,0,A,A,A,A,A,A,A,A,A,A,A,A,A,A,A,A,A,A,A,A,A,A,A,A,A,A,A,A,A,A,A,A,A,A,A,A,A,A,A,A,A,A,A,A,A,A,A,A,A,A,A,A,A,A,A,A,A,A,A,A,A,A,A,A,A,A,A,A,A,A,A,A,A,A,A,A,A,A,A,A,A,A,A,A,A,A,A,A,A,A,A,A,A,A,A,A,A,A,A,A,A,A,A,A,A,A,A,A,A,A,A,A,A,A,A,A,A,A,A,A,A,A,A,A,A,A,A,A,A,A,A,A,A,A,A,A,A,A,A,A,A,A,A,A,A,A,A,A,A,A,A,A,A,A,A,A,A,A,A,A,A,A,A,A,A,A,A,A,A,A,A,A,A,A,A,A,A,A,A,A,A,A,A,A,A,A,A,A,A,A,A,A,A,A,A,A,A,A,A,A,A,A,A,A,A,A,A,A,A,A,A,A,A,A,A,A,A,A,A,A,A,A,A,A,A,A,A,A,A,A,A,A,A,A,A,A,A,A,A,A,A,A,A,A,A,A,A,A,A,A,A,A,A,A,A,A,A,A,A,A,A,A,A,A,A,A,A,A,A,A,A,A,A,A,A,A,A,A,A,A,A,A,A,A,A,A,A,A,A,A,A,A,A,A,A,A,A,A,A,A,A,A,A,A,A,A,A,A,A,A,A,A,A,A,A,A,A,A,A,A,A,A,A,A,A,A,A,A,A,A,A,A,A,A,A,A,A,A,A,A,A,A,A,A,A,A,A,A,A,A,A,A,A,A,A,A,A,A,A,A,A,A,A,A,A,A,A,A,A,A,A,A,A,A,A,A,A,A,A,A,A,A,A,A,A,A,A,A,A,A,A,A,A,A,A,A,A,A,A,A,A,A,A,A,A,A,A,A,A,A,A,A,A
A,A,A,A,A,A,A,A,A,A,A,A,A,A,A,A,A,A,A,A,A,A,A,A,A,A,A,A,A,A,A,A,A,A,A,A,A,A,A,A,A,A,A,A,A,A,A,A,A,A,A,A,A,A,A,A,A,A,A,A,A,A,A,A,A,A,A,A,A,A,A,A,A,A,A,A,A,A,A,A,A,A,A,A,A,0,0,0,0,A,A,A,A,A,A,A,A,A,A,A,A,A,A,A,A,A,A,A,A,A,A,A,A,A,A,A,A,A,A,A,A,A,A,A,A,A,A,A,A,A,A,A,A,A,A,A,A,A,A,A,A,A,A,A,A,A,A,A,A,A,A,A,A,A,A,A,A,A,A,A,A,A,A,A,A,A,A,A,A,A,A,A,A,A,A,A,A,A,A,A,A,A,A,A,A,A,A,A,A,A,A,A,A,A,A,A,A,A,A,A,A,A,A,A,A,A,A,A,A,A,A,A,A,A,A,A,A,A,A,A,A,A,A,A,A,A,A,A,A,A,A,A,A,A,A,A,A,A,A,A,A,A,A,A,A,A,A,A,A,A,A,A,A,A,A,A,A,A,A,A,A,A,A,A,A,A,A,A,A,A,A,A,A,A,A,A,A,A,A,A,A,A,A,A,A,A,A,A,A,A,A,A,A,A,A,A,A,A,A,A,A,A,A,A,A,A,A,A,A,A,A,A,A,A,A,A,A,A,A,A,A,A,A,A,A,A,A,A,A,A,A,A,A,A,A,A,A,A,A,A,A,A,A,A,A,A,A,A,A,A,A,A,A,A,A,A,A,A,A,A,A,A,A,A,A,A,A,A,A,A,A,A,A,A,A,A,A,A,A,A,A,A,A,A,A,A,A,A,A,A,A,A,A,A,A,A,A,A,A,A,A,A,A,A,A,A,A,A,A,A,A,A,A,A,A,A,A,A,A,A,A,A,A,A,A,A,A,A,A,A,A,A,A,A,A,A,A,A,A,A,A,A,A,A,A,A,A,A,A,A,A,A,A,A,A,A,A,A,A,A,A,A,A,A,A,A,A,A,A,A,A,A,A,A,A,A,A,A,A,A,A,A,A,A,A,A,A,A,A,A,A,A,A,A,A,A,A,A,A,A
A,A,A,A,A,A,A,A,A,A,A,A,A,A,A,A,A,A,A,A,A,A,A,A,A,A,A,A,A,A,A,A,A,A,A,A,A,A,A,A,A,A,A,A,A,A,A,A,A,A,A,A,A,A,A,A,A,A,A,A,A,A,A,A,A,A,A,A,A,A,A,A,A,A,A,A,A,A,A,A,A,A,A,A,0,0,F,0,A,A,A,A,A,A,A,A,A,A,A,A,A,A,A,A,A,A,A,A,A,A,A,A,A,A,A,A,A,A,A,A,A,A,A,A,A,A,A,A,A,A,A,A,A,A,A,A,A,A,A,A,A,A,A,A,A,A,A,A,A,A,A,A,A,A,A,A,A,A,A,A,A,A,A,A,A,A,A,A,A,A,A,A,A,A,A,A,A,A,A,A,A,A,A,A,A,A,A,A,A,A,A,A,A,A,A,A,A,A,A,A,A,A,A,A,A,A,A,A,A,A,A,A,A,A,A,A,A,A,A,A,A,A,A,A,A,A,A,A,A,A,A,A,A,A,A,A,A,A,A,A,A,A,A,A,A,A,A,A,A,A,A,A,A,A,A,A,A,A,A,A,A,A,A,A,A,A,A,A,A,A,A,A,A,A,A,A,A,A,A,A,A,A,A,A,A,A,A,A,A,A,A,A,A,A,A,A,A,A,A,A,A,A,A,A,A,A,A,A,A,A,A,A,A,A,A,A,A,A,A,A,A,A,A,A,A,A,A,A,A,A,A,A,A,A,A,A,A,A,A,A,A,A,A,A,A,A,A,A,A,A,A,A,A,A,A,A,A,A,A,A,A,A,A,A,A,A,A,A,A,A,A,A,A,A,A,A,A,A,A,A,A,A,A,A,A,A,A,A,A,A,A,A,A,A,A,A,A,A,A,A,A,A,A,A,A,A,A,A,A,A,A,A,A,A,A,A,A,A,A,A,A,A,A,A,A,A,A,A,A,A,A,A,A,A,A,A,A,A,A,A,A,A,A,A,A,A,A,A,A,A,A,A,A,A,A,A,A,A,A,A,A,A,A,A,A,A,A,A,A,A,A,A,A,A,A,A,A,A,A,A,A,A,A,A,A,A,A,A,A,A,A,A,A,A,A,A,A,A,A,A
A,A,A,0,0,A,0,0,0,A,0,0,0,A,A,0,A,A,0,0,A,A,0,0,A,A,A,A,A,A,A,A,A,A,A,A,A,A,A,A,A,A,A,A,A,A,A,A,A,A,A,A,A,A,A,A,A,A,A,A,A,A,A,A,A,A,A,A,A,A,A,A,A,A,A,A,A,A,A,A,A,A,A,A,A,A,F,A,A,A,A,A,A,A,A,A,A,A,A,A,A,A,A,A,A,A,A,A,A,A,A,A,A,A,A,A,A,A,A,A,A,A,A,A,A,A,A,A,A,A,A,A,A,A,A,A,A,A,A,A,A,A,A,A,A,A,A,A,A,A,A,A,A,A,A,A,A,A,A,A,A,A,A,A,A,A,A,A,A,A,A,A,A,A,A,A,A,A,A,A,A,A,A,A,A,A,A,A,A,A,A,A,A,A,A,A,A,A,A,A,A,A,A,A,A,A,A,A,A,A,A,A,A,A,A,A,A,A,A,A,A,A,A,A,A,A,A,A,A,A,A,A,A,A,A,A,A,A,A,A,A,A,A,A,A,A,A,A,A,A,A,A,A,A,A,A,A,A,A,A,A,A,A,A,A,A,A,A,A,A,A,A,A,A,A,A,A,A,A,A,A,A,A,A,A,A,A,A,A,A,A,A,A,A,A,A,A,A,A,A,A,A,A,A,A,A,A,A,A,A,A,A,A,A,A,A,A,A,A,A,A,A,A,A,A,A,A,A,A,A,A,A,A,A,A,A,A,A,A,A,A,A,A,A,A,A,A,A,A,A,A,A,A,A,A,A,A,A,A,A,A,A,A,A,A,A,A,A,A,A,A,A,A,A,A,A,A,A,A,A,A,A,A,A,A,A,A,A,A,A,A,A,A,A,A,A,A,A,A,A,A,A,A,A,A,A,A,A,A,A,A,A,A,A,A,A,A,A,A,A,A,A,A,A,A,A,A,A,A,A,A,A,A,A,A,A,A,A,A,A,A,A,A,A,A,A,A,A,A,A,A,A,A,A,A,A,A,A,A,A,A,A,A,A,A,A,A,A,A,A,A,A,A,A,A,A,A,A,A,A,A,A,A,A,A,A,A,A,A,A,A,A,A,A,A,A,A,A,A,A
A,A,A,0,A,A,0,A,A,A,0,A,0,A,0,A,0,A,0,A,0,A,0,A,A,A,A,A,A,A,A,A,A,A,A,A,A,A,A,A,A,A,A,A,A,A,A,A,A,A,A,A,A,A,A,A,A,A,A,A,A,A,A,A,A,A,A,A,A,A,A,A,A,A,A,A,A,A,A,A,A,A,T,T,T,T,T,T,T,T,T,A,A,A,A,A,A,A,A,A,A,A,A,A,A,A,A,A,A,A,A,A,A,A,A,A,A,A,A,A,A,A,A,A,A,A,A,A,A,A,A,A,A,A,A,A,A,A,A,A,A,A,A,A,A,A,A,A,A,A,A,A,A,A,A,A,A,A,A,A,A,A,A,A,A,A,A,A,A,A,A,A,A,A,A,A,A,A,A,A,A,A,A,A,A,A,A,A,A,A,A,A,A,A,A,A,A,A,A,A,A,A,A,A,A,A,A,A,A,A,A,A,A,A,A,A,A,A,A,A,A,A,A,A,A,A,A,A,A,A,A,A,A,A,A,A,A,A,A,A,A,A,A,A,A,A,A,A,A,A,A,A,A,A,A,A,A,A,A,A,A,A,A,A,A,A,A,A,A,A,A,A,A,A,A,A,A,A,A,A,A,A,A,A,A,A,A,A,A,A,A,A,A,A,A,A,A,A,A,A,A,A,A,A,A,A,A,A,A,A,A,A,A,A,A,A,A,A,A,A,A,A,A,A,A,A,A,A,A,A,A,A,A,A,A,A,A,A,A,A,A,A,A,A,A,A,A,A,A,A,A,A,A,A,A,A,A,A,A,A,A,A,A,A,A,A,A,A,A,A,A,A,A,A,A,A,A,A,A,A,A,A,A,A,A,A,A,A,A,A,A,A,A,A,A,A,A,A,A,A,A,A,A,A,A,A,A,A,A,A,A,A,A,A,A,A,A,A,A,A,A,A,A,A,A,A,A,A,A,A,A,A,A,A,A,A,A,A,A,A,A,A,A,A,A,A,A,A,A,A,A,A,A,A,A,A,A,A,A,A,A,A,A,A,A,A,A,A,A,A,A,A,A,A,A,A,A,A,A,A,A,A,A,A,A,A,A,A,A,A,A,A,A,A,A,A,A,A,A,A
A,A,A,0,0,A,0,0,0,A,0,A,A,A,0,0,0,A,0,0,A,A,0,0,A,A,A,A,A,A,A,A,A,A,A,A,A,A,A,A,A,A,A,A,A,A,A,A,A,A,A,A,A,A,A,A,A,A,A,A,A,A,A,A,A,A,A,A,A,A,A,A,A,A,A,A,A,A,A,A,A,T,T,T,t,t,T,T,t,t,T,T,A,A,A,A,A,A,A,A,A,A,A,A,A,A,A,A,A,A,A,A,A,A,A,A,A,A,A,A,A,A,A,A,A,A,A,A,A,A,A,A,A,A,A,A,A,A,A,A,A,A,A,A,A,A,A,A,A,A,A,A,A,A,A,A,A,A,A,A,A,A,A,A,A,A,A,A,A,A,A,A,A,A,A,A,A,A,A,A,A,A,A,A,A,A,A,A,A,A,A,A,A,A,A,A,A,A,A,A,A,A,A,A,A,A,A,A,A,A,A,A,A,A,A,A,A,A,A,A,A,A,A,A,A,A,A,A,A,A,A,A,A,A,A,A,A,A,A,A,A,A,A,A,A,A,A,A,A,A,A,A,A,A,A,A,A,A,A,A,A,A,A,A,A,A,A,A,A,A,A,A,A,A,A,A,A,A,A,A,A,A,A,A,A,A,A,A,A,A,A,A,A,A,A,A,A,A,A,A,A,A,A,A,A,A,A,A,A,A,A,A,A,A,A,A,A,A,A,A,A,A,A,A,A,A,A,A,A,A,A,A,A,A,A,A,A,A,A,A,A,A,A,A,A,A,A,A,A,A,A,A,A,A,A,A,A,A,A,A,A,A,A,A,A,A,A,A,A,A,A,A,A,A,A,A,A,A,A,A,A,A,A,A,A,A,A,A,A,A,A,A,A,A,A,A,A,A,A,A,A,A,A,A,A,A,A,A,A,A,A,A,A,A,A,A,A,A,A,A,A,A,A,A,A,A,A,A,A,A,A,A,A,A,A,A,A,A,A,A,A,A,A,A,A,A,A,A,A,A,A,A,A,A,A,A,A,A,A,A,A,A,A,A,A,A,A,A,A,A,A,A,A,A,A,A,A,A,A,A,A,A,A,A,A,A,A,A,A,A,A,A,A,A,A,A,A,A,A,A
A,A,A,0,A,A,A,A,0,A,0,A,0,A,0,A,0,A,0,A,A,A,0,A,A,A,A,A,A,A,A,A,A,A,A,A,A,A,A,A,A,A,A,A,A,A,A,A,A,A,A,A,A,A,A,A,A,A,A,A,A,A,A,A,A,A,A,A,A,A,A,A,A,A,A,A,A,A,A,A,T,T,t,t,t,t,t,t,t,t,t,T,A,A,A,A,A,A,A,A,A,A,A,A,A,A,A,A,A,A,A,A,A,A,A,A,A,A,A,A,A,A,A,A,A,A,A,A,A,A,A,A,A,A,A,A,A,A,A,A,A,A,A,A,A,A,A,A,A,A,A,A,A,A,A,A,A,A,A,A,A,A,A,A,A,A,A,A,A,A,A,A,A,A,A,A,A,A,A,A,A,A,A,A,A,A,A,A,A,A,A,A,A,A,A,A,A,A,A,A,A,A,A,A,A,A,A,A,A,A,A,A,A,A,A,A,A,A,A,A,A,A,A,A,A,A,A,A,A,A,A,A,A,A,A,A,A,A,A,A,A,A,A,A,A,A,A,A,A,A,A,A,A,A,A,A,A,A,A,A,A,A,A,A,A,A,A,A,A,A,A,A,A,A,A,A,A,A,A,A,A,A,A,A,A,A,A,A,A,A,A,A,A,A,A,A,A,A,A,A,A,A,A,A,A,A,A,A,A,A,A,A,A,A,A,A,A,A,A,A,A,A,A,A,A,A,A,A,A,A,A,A,A,A,A,A,A,A,A,A,A,A,A,A,A,A,A,A,A,A,A,A,A,A,A,A,A,A,A,A,A,A,A,A,A,A,A,A,A,A,A,A,A,A,A,A,A,A,A,A,A,A,A,A,A,A,A,A,A,A,A,A,A,A,A,A,A,A,A,A,A,A,A,A,A,A,A,A,A,A,A,A,A,A,A,A,A,A,A,A,A,A,A,A,A,A,A,A,A,A,A,A,A,A,A,A,A,A,A,A,A,A,A,A,A,A,A,A,A,A,A,A,A,A,A,A,A,A,A,A,A,A,A,A,A,A,A,A,A,A,A,A,A,A,A,A,A,A,A,A,A,A,A,A,A,A,A,A,A,A,A,A,A,A,A,A,A,A,A,A
A,A,A,0,0,A,0,0,0,A,0,0,0,A,0,A,0,A,0,A,A,A,0,0,A,A,A,A,A,A,A,A,A,A,A,A,A,A,A,A,A,A,A,A,A,A,A,A,A,A,A,A,A,A,A,A,A,A,A,A,A,A,A,A,A,A,A,A,A,A,A,A,A,A,A,A,A,A,A,A,T,A,t,t,t,t,t,t,t,t,t,T,A,A,A,A,A,A,A,A,A,A,A,A,A,A,A,A,A,A,A,A,A,A,A,A,A,A,A,A,A,A,A,A,A,A,A,A,A,A,A,A,A,A,A,A,A,A,A,A,A,A,A,A,A,A,A,A,A,A,A,A,A,A,A,A,A,A,A,A,A,A,A,A,A,A,A,A,A,A,A,A,A,A,A,A,A,A,A,A,A,A,A,A,A,A,A,A,A,A,A,A,A,A,A,A,A,A,A,A,A,A,A,A,A,A,A,A,A,A,A,A,A,A,A,A,A,A,A,A,A,A,A,A,A,A,A,A,A,A,A,A,A,A,A,A,A,A,A,A,A,A,A,A,A,A,A,A,A,A,A,A,A,A,A,A,A,A,A,A,A,A,A,A,A,A,A,A,A,A,A,A,A,A,A,A,A,A,A,A,A,A,A,A,A,A,A,A,A,A,A,A,A,A,A,A,A,A,A,A,A,A,A,A,A,A,A,A,A,A,A,A,A,A,A,A,A,A,A,A,A,A,A,A,A,A,A,A,A,A,A,A,A,A,A,A,A,A,A,A,A,A,A,A,A,A,A,A,A,A,A,A,A,A,A,A,A,A,A,A,A,A,A,A,A,A,A,A,A,A,A,A,A,A,A,A,A,A,A,A,A,A,A,A,A,A,A,A,A,A,A,A,A,A,A,A,A,A,A,A,A,A,A,A,A,A,A,A,A,A,A,A,A,A,A,A,A,A,A,A,A,A,A,A,A,A,A,A,A,A,A,A,A,A,A,A,A,A,A,A,A,A,A,A,A,A,A,A,A,A,A,A,A,A,A,A,A,A,A,A,A,A,A,A,A,A,A,A,A,A,A,A,A,A,A,A,A,A,A,A,A,A,A,A,A,A,A,A,A,A,A,A,A,A,A,A,A,A,A,A
A,A,A,A,A,A,A,A,A,A,A,A,A,A,A,A,A,A,A,A,A,A,A,A,A,A,A,A,A,A,A,A,A,A,A,A,A,A,A,A,A,A,A,A,A,A,A,A,A,A,A,A,A,A,A,A,A,A,A,A,A,A,A,A,A,A,A,A,A,A,A,A,A,A,A,A,A,A,A,T,T,t,t,A,A,A,A,A,A,A,A,T,A,A,A,A,A,A,A,A,A,A,A,A,A,A,A,A,A,A,A,A,A,A,A,A,A,A,A,A,A,A,A,A,A,A,A,A,A,A,A,A,A,A,A,A,A,A,A,A,A,A,A,A,A,A,A,A,A,A,A,A,A,A,A,A,A,A,A,A,A,A,A,A,A,A,A,A,A,A,A,A,A,A,A,A,A,A,A,A,A,A,A,A,A,A,A,A,A,A,A,A,A,A,A,A,A,A,A,A,A,A,A,A,A,A,A,A,A,A,A,A,A,A,A,A,A,A,A,A,A,A,A,A,A,A,A,A,A,A,A,A,A,A,A,A,A,A,A,A,A,A,A,A,A,A,A,A,A,A,A,A,A,A,A,A,A,A,A,A,A,A,A,A,A,A,A,A,A,A,A,A,A,A,A,A,A,A,A,A,A,A,A,A,A,A,A,A,A,A,A,A,A,A,A,A,A,A,A,A,A,A,A,A,A,A,A,A,A,A,A,A,A,A,A,A,A,A,A,A,A,A,A,A,A,A,A,A,A,A,A,A,A,A,A,A,A,A,A,A,A,A,A,A,A,A,A,A,A,A,A,A,A,A,A,A,A,A,A,A,A,A,A,A,A,A,A,A,A,A,A,A,A,A,A,A,A,A,A,A,A,A,A,A,A,A,A,A,A,A,A,A,A,A,A,A,A,A,A,A,A,A,A,A,A,A,A,A,A,A,A,A,A,A,A,A,A,A,A,A,A,A,A,A,A,A,A,A,A,A,A,A,A,A,A,A,A,A,A,A,A,A,A,A,A,A,A,A,A,A,A,A,A,A,A,A,A,A,A,A,A,A,A,A,A,A,A,A,A,A,A,A,A,A,A,A,A,A,A,A,A,A,A,A,A,A,A,A,A,A,A,A,A,A,A,A,A,A,A,A
A,A,A,A,A,A,A,A,A,A,A,A,A,A,A,A,A,A,A,A,A,A,A,A,A,A,A,A,A,A,A,A,A,A,A,A,A,A,A,A,A,A,A,A,A,A,A,A,A,A,A,A,A,A,A,A,A,A,A,A,A,A,A,A,A,A,A,A,A,A,A,A,A,A,A,A,A,A,A,T,t,t,A,A,A,A,A,A,A,A,A,T,T,A,A,A,A,A,A,A,A,A,A,A,A,A,A,A,A,A,A,A,A,A,A,A,A,A,A,A,A,A,A,A,A,A,A,A,A,A,A,A,A,A,A,A,A,A,A,A,A,A,A,A,A,A,A,A,A,A,A,A,A,A,A,A,A,A,A,A,A,A,A,A,A,A,A,A,A,A,A,A,A,A,A,A,A,A,A,A,A,A,A,A,A,A,A,A,A,A,A,A,A,A,A,A,A,A,A,A,A,A,A,A,A,A,A,A,A,A,A,A,A,A,A,A,A,A,A,A,A,A,A,A,A,A,A,A,A,A,A,A,A,A,A,A,A,A,A,A,A,A,A,A,A,A,A,A,A,A,A,A,A,A,A,A,A,A,A,A,A,A,A,A,A,A,A,A,A,A,A,A,A,A,A,A,A,A,A,A,A,A,A,A,A,A,A,A,A,A,A,A,A,A,A,A,A,A,A,A,A,A,A,A,A,A,A,A,A,A,A,A,A,A,A,A,A,A,A,A,A,A,A,A,A,A,A,A,A,A,A,A,A,A,A,A,A,A,A,A,A,A,A,A,A,A,A,A,A,A,A,A,A,A,A,A,A,A,A,A,A,A,A,A,A,A,A,A,A,A,A,A,A,A,A,A,A,A,A,A,A,A,A,A,A,A,A,A,A,A,A,A,A,A,A,A,A,A,A,A,A,A,A,A,A,A,A,A,A,A,A,A,A,A,A,A,A,A,A,A,A,A,A,A,A,A,A,A,A,A,A,A,A,A,A,A,A,A,A,A,A,A,A,A,A,A,A,A,A,A,A,A,A,A,A,A,A,A,A,A,A,A,A,A,A,A,A,A,A,A,A,A,A,A,A,A,A,A,A,A,A,A,A,A,A,A,A,A,A,A,A,A,A,A,A,A,A,A,A,A
A,A,A,A,A,A,A,A,A,A,A,A,A,A,A,A,A,A,A,A,A,A,A,A,A,A,A,A,A,A,A,A,A,A,A,A,A,A,A,A,A,A,A,A,A,A,A,A,A,A,A,A,A,A,A,A,A,A,A,A,A,A,A,A,A,A,A,A,A,A,A,A,A,A,A,A,A,A,A,T,t,A,A,A,A,A,A,A,A,A,A,A,T,T,A,A,A,A,A,A,A,A,A,A,A,A,A,A,A,A,A,A,A,A,A,A,A,A,A,A,A,A,A,A,A,A,A,A,A,A,A,A,A,A,A,A,A,A,A,A,A,A,A,A,A,A,A,A,A,A,A,A,A,A,A,A,A,A,A,A,A,A,A,A,A,A,A,A,A,A,A,A,A,A,A,A,A,A,A,A,A,A,A,A,A,A,A,A,A,A,A,A,A,A,A,A,A,A,A,A,A,A,A,A,A,A,A,A,A,A,A,A,A,A,A,A,A,A,A,A,A,A,A,A,A,A,A,A,A,A,A,A,A,A,A,A,A,A,A,A,A,A,A,A,A,A,A,A,A,A,A,A,A,A,A,A,A,A,A,A,A,A,A,A,A,A,A,A,A,A,A,A,A,A,A,A,A,A,A,A,A,A,A,A,A,A,A,A,A,A,A,A,A,A,A,A,A,A,A,A,A,A,A,A,A,A,A,A,A,A,A,A,A,A,A,A,A,A,A,A,A,A,A,A,A,A,A,A,A,A,A,A,A,A,A,A,A,A,A,A,A,A,A,A,A,A,A,A,A,A,A,A,A,A,A,A,A,A,A,A,A,A,A,A,A,A,A,A,A,A,A,A,A,A,A,A,A,A,A,A,A,A,A,A,A,A,A,A,A,A,A,A,A,A,A,A,A,A,A,A,A,A,A,A,A,A,A,A,A,A,A,A,A,A,A,A,A,A,A,A,A,A,A,A,A,A,A,A,A,A,A,A,A,A,A,A,A,A,A,A,A,A,A,A,A,A,A,A,A,A,A,A,A,A,A,A,A,A,A,A,A,A,A,A,A,A,A,A,A,A,A,A,A,A,A,A,A,A,A,A,A,A,A,A,A,A,A,A,A,A,A,A,A,A,A,A,A,A,A,A
A,A,A,A,A,A,A,A,A,A,A,A,A,A,A,A,A,A,A,A,A,A,A,A,A,A,A,A,A,A,A,A,A,A,A,A,A,A,A,A,A,A,A,A,A,A,A,A,A,A,A,A,A,A,A,A,A,A,f,f,A,A,A,A,A,A,A,A,A,A,A,A,A,A,A,A,A,A,T,t,t,A,A,A,A,A,A,A,A,A,A,A,A,T,A,A,A,A,A,A,A,A,A,A,A,A,A,A,A,A,A,A,A,A,A,A,A,A,A,A,A,A,A,A,A,A,A,A,A,A,A,A,A,A,A,A,A,A,A,A,A,A,A,A,A,A,A,A,A,A,A,A,A,A,A,A,A,A,A,A,A,A,A,A,A,A,A,A,A,A,A,A,A,A,A,A,A,A,A,A,A,A,A,A,A,A,A,A,A,A,A,A,A,A,A,A,A,A,A,A,A,A,A,A,A,A,A,A,A,A,A,A,A,A,A,A,A,A,A,A,A,A,A,A,A,A,A,A,A,A,A,A,A,A,A,A,A,A,A,A,A,A,A,A,A,A,A,A,A,A,A,A,A,A,A,A,A,A,A,A,A,A,A,A,A,A,A,A,A,A,A,A,A,A,A,A,A,A,A,A,A,A,A,A,A,A,A,A,A,A,A,A,A,A,A,A,A,A,A,A,A,A,A,A,A,A,A,A,A,A,A,A,A,A,A,A,A,A,A,A,A,A,A,A,A,A,A,A,A,A,A,A,A,A,A,A,A,A,A,A,A,A,A,A,A,A,A,A,A,A,A,A,A,A,A,A,A,A,A,A,A,A,A,A,A,A,A,A,A,A,A,A,A,A,A,A,A,A,A,A,A,A,A,A,A,A,A,A,A,A,A,A,A,A,A,A,A,A,A,A,A,A,A,A,A,A,A,A,A,A,A,A,A,A,A,A,A,A,A,A,A,A,A,A,A,A,A,A,A,A,A,A,A,A,A,A,A,A,A,A,A,A,A,A,A,A,A,A,A,A,A,A,A,A,A,A,A,A,A,A,A,A,A,A,A,A,A,A,A,A,A,A,A,A,A,A,A,A,A,A,A,A,A,A,A,A,A,A,A,A,A,A,A,A,A,A,A,A,A,A
A,A,A,A,A,A,A,A,A,A,A,A,A,A,A,A,A,A,A,A,A,A,A,A,A,A,A,A,A,A,A,A,A,A,A,A,A,A,A,A,A,A,A,A,A,A,A,A,A,A,A,A,A,A,A,A,A,f,f,A,A,A,A,A,A,A,A,A,A,A,A,A,A,A,A,A,A,T,T,A,A,A,A,A,A,A,A,A,A,A,A,A,A,T,A,A,A,A,A,A,A,A,A,A,A,A,A,A,A,A,A,A,A,A,A,A,A,A,A,A,A,A,A,A,A,A,A,A,A,A,A,A,A,A,A,A,A,A,A,A,A,A,A,A,A,A,A,A,A,A,A,A,A,A,A,A,A,A,A,A,A,A,A,A,A,A,A,A,A,A,A,A,A,A,A,A,A,A,A,A,A,A,A,A,A,A,A,A,A,A,A,A,A,A,A,A,A,A,A,A,A,A,A,A,A,A,A,A,A,A,A,A,A,A,A,A,A,A,A,A,A,A,A,A,A,A,A,A,A,A,A,A,A,A,A,A,A,A,A,A,A,A,A,A,A,A,A,A,A,A,A,A,A,A,A,A,A,A,A,A,A,A,A,A,A,A,A,A,A,A,A,A,A,A,A,A,A,A,A,A,A,A,A,A,A,A,A,A,A,A,A,A,A,A,A,A,A,A,A,A,A,A,A,A,A,A,A,A,A,A,A,A,A,A,A,A,A,A,A,A,A,A,A,A,A,A,A,A,A,A,A,A,A,A,A,A,A,A,A,A,A,A,A,A,A,A,A,A,A,A,A,A,A,A,A,A,A,A,A,A,A,A,A,A,A,A,A,A,A,A,A,A,A,A,A,A,A,A,A,A,A,A,A,A,A,A,A,A,A,A,A,A,A,A,A,A,A,A,A,A,A,A,A,A,A,A,A,A,A,A,A,A,A,A,A,A,A,A,A,A,A,A,A,A,A,A,A,A,A,A,A,A,A,A,A,A,A,A,A,A,A,A,A,A,A,A,A,A,A,A,A,A,A,A,A,A,A,A,A,A,A,A,A,A,A,A,A,A,A,A,A,A,A,T,T,T,A,A,A,A,A,A,A,A,A,A,A,A,A,A,A,A,A,A,A,A,A,A,A,A
A,A,A,A,A,A,A,A,A,A,A,A,A,A,A,A,A,A,A,A,A,A,A,A,A,A,A,A,f,A,A,A,A,A,A,A,A,A,A,A,A,A,A,A,A,A,A,A,A,A,A,A,A,A,A,A,f,f,f,f,A,A,A,A,A,A,A,A,A,A,A,A,A,A,A,A,A,T,A,A,A,A,A,A,A,A,A,A,A,A,A,A,A,T,T,A,A,A,A,A,A,A,A,A,A,A,A,A,A,A,A,A,A,A,A,A,A,A,A,A,A,A,A,A,A,A,A,A,A,A,A,A,A,A,A,A,A,A,A,A,A,A,A,A,A,A,A,A,A,A,A,A,A,A,A,A,A,A,A,A,A,A,A,A,A,A,A,A,A,A,A,A,A,A,A,A,A,A,A,A,A,A,A,A,A,A,A,A,A,A,A,A,A,A,A,A,A,A,A,A,A,A,A,A,A,A,A,A,A,A,A,A,A,A,A,A,A,A,A,A,A,A,A,A,A,A,A,A,A,A,A,A,A,A,A,A,A,A,A,A,A,A,A,A,A,A,A,A,A,A,A,A,A,A,A,A,A,A,A,A,A,A,A,A,A,A,A,A,A,A,A,A,A,A,A,A,A,A,A,A,A,A,A,A,A,A,A,A,A,A,A,A,A,A,A,A,A,A,A,A,A,A,A,A,A,A,A,A,A,A,A,A,A,A,A,A,A,A,A,A,A,A,A,A,A,A,A,A,A,A,A,A,A,A,A,A,A,A,A,A,A,A,A,A,A,A,A,A,A,A,A,A,A,A,A,A,A,A,A,A,A,A,A,A,A,A,A,A,A,A,A,A,A,A,A,A,A,A,A,A,A,A,A,A,A,A,A,A,A,A,A,A,A,A,A,A,A,A,A,A,A,A,A,A,A,A,A,A,A,A,A,A,A,A,A,A,A,A,A,A,A,A,A,A,A,A,A,A,A,A,A,A,A,A,A,A,A,A,A,A,A,A,A,A,A,A,A,A,A,A,A,A,A,A,A,A,A,A,A,A,A,A,A,A,A,A,A,A,A,A,T,T,T,T,A,T,A,A,A,A,A,A,A,A,A,A,A,A,A,A,A,A,A,A,A,A,A,A,A,A
A,A,A,A,A,A,A,A,A,A,A,A,A,A,A,A,A,A,A,A,A,A,A,A,A,A,f,f,f,f,f,A,A,f,A,A,A,A,A,A,f,A,A,A,A,A,A,A,A,f,f,f,A,A,A,f,f,F,f,A,A,A,A,A,A,A,A,A,A,A,A,A,A,A,A,A,A,T,A,A,A,A,A,A,A,A,A,A,A,A,A,A,A,A,T,T,A,A,A,A,A,A,A,A,A,A,A,A,A,A,A,A,A,A,A,A,A,A,A,A,A,A,A,A,A,A,A,A,A,A,A,A,A,A,A,A,A,A,A,A,A,A,A,A,A,A,A,A,A,A,A,A,A,A,A,A,A,A,A,A,A,A,A,A,A,A,A,A,A,A,A,A,A,A,A,A,A,A,A,A,A,A,A,A,A,A,A,A,A,A,A,A,A,A,A,A,A,A,A,A,A,A,A,A,A,A,A,A,A,A,A,A,A,A,A,A,A,A,A,A,A,A,A,A,A,A,A,A,A,A,A,A,A,A,A,A,A,A,A,A,A,A,A,A,A,A,A,A,A,A,A,A,A,A,A,A,A,A,A,A,A,A,A,A,A,A,A,A,A,A,A,A,A,A,A,A,A,A,A,A,A,A,A,A,A,A,A,A,A,A,A,A,A,A,A,A,A,A,A,A,A,A,A,A,A,A,A,A,A,A,A,A,A,A,A,A,A,A,A,A,A,A,A,A,A,A,A,A,A,A,A,A,A,A,A,A,A,A,A,A,A,A,A,A,A,A,A,A,A,A,A,A,A,A,A,A,A,A,A,A,A,A,A,A,A,A,A,A,A,A,A,A,A,A,A,A,A,A,A,A,A,A,A,A,A,A,A,A,A,A,A,A,A,A,A,A,A,A,A,A,A,A,A,A,A,A,A,A,A,A,A,A,A,A,A,A,A,A,A,A,A,A,A,A,A,A,A,A,A,A,A,A,A,A,A,A,A,A,A,A,A,A,A,A,A,A,A,A,A,A,A,A,A,A,A,A,A,A,A,A,A,A,A,A,A,A,A,A,A,T,T,A,A,A,A,T,T,T,A,A,A,A,A,A,A,A,A,A,A,A,A,A,A,A,A,A,A,A,A,A
A,A,A,A,A,A,A,A,A,A,A,A,A,A,A,A,A,A,A,A,f,A,A,A,A,A,f,f,F,f,f,A,0,f,f,A,A,A,A,f,f,f,A,A,A,A,A,A,f,f,f,f,f,A,A,A,A,F,A,A,A,A,A,A,A,A,A,A,A,A,A,A,A,A,A,A,T,T,A,A,A,A,A,A,A,A,A,A,A,A,A,A,A,A,A,T,A,A,A,A,A,A,A,A,A,A,A,A,A,A,A,A,A,A,A,A,A,A,A,A,A,A,A,A,A,A,A,A,A,A,A,A,A,A,A,A,A,A,A,A,A,A,A,A,A,A,A,A,A,A,A,A,A,A,A,A,A,A,A,A,A,A,A,A,A,A,A,A,A,A,A,A,A,A,A,A,A,A,A,A,A,A,A,A,A,A,A,A,A,A,A,A,A,A,A,A,A,A,A,A,A,A,A,A,A,A,A,A,A,A,A,A,A,A,A,A,A,A,A,A,A,A,A,A,A,A,A,A,A,A,A,A,A,A,A,A,A,A,A,A,A,A,A,A,A,A,A,A,A,A,A,A,A,A,A,A,A,A,A,A,A,A,A,A,A,A,A,A,A,A,A,A,A,A,A,A,A,A,A,A,A,A,A,A,A,A,A,A,A,A,A,A,A,A,A,A,A,A,A,A,A,A,A,A,A,A,A,A,A,A,A,A,A,A,A,A,A,A,A,A,A,A,A,A,A,A,A,A,A,A,A,A,A,A,A,A,A,A,A,A,A,A,A,A,A,A,A,A,A,A,A,A,A,A,A,A,A,A,A,A,A,A,A,A,A,A,A,A,A,A,A,A,A,A,A,A,A,A,A,A,A,A,A,A,A,A,A,A,A,A,A,A,A,A,A,A,A,A,A,A,A,A,A,A,A,A,A,A,A,A,A,A,A,A,A,A,A,A,A,A,A,A,A,A,A,A,A,A,A,A,A,A,A,A,A,A,A,A,A,A,A,A,A,A,A,A,A,A,A,A,A,A,A,A,A,A,A,A,A,A,A,A,A,A,A,A,A,A,A,T,A,A,A,A,A,A,A,T,T,T,T,T,A,A,A,A,A,A,A,A,A,A,A,A,A,A,A,A,A,A
A,A,A,A,A,A,A,A,A,A,A,A,A,A,A,A,A,A,A,f,f,f,A,A,A,A,f,f,F,f,f,A,f,f,f,A,A,f,f,f,F,f,A,A,T,T,T,A,A,f,f,f,A,A,A,A,A,F,A,A,A,A,A,A,A,A,A,A,A,A,A,A,A,A,A,A,T,A,A,A,A,A,A,A,A,A,A,A,A,A,A,A,A,A,A,T,T,A,A,A,A,A,A,A,A,A,A,A,A,A,A,A,A,A,A,A,A,A,A,A,A,A,A,A,A,A,A,A,A,A,A,A,A,A,A,A,A,A,A,A,A,A,A,A,A,A,A,A,A,A,A,A,A,A,A,A,A,A,A,A,A,A,A,A,A,A,A,A,A,A,A,A,A,A,A,A,A,A,A,A,A,A,A,A,A,A,A,A,A,A,A,A,A,A,A,A,A,A,A,A,A,A,A,A,A,A,A,A,A,A,A,A,A,A,A,A,A,A,A,A,A,A,A,A,A,A,A,A,A,A,A,A,A,A,A,A,A,A,A,A,A,A,A,A,A,A,A,A,A,A,A,A,A,A,A,A,A,A,A,A,A,A,A,A,A,A,A,A,A,A,A,A,A,A,A,A,A,A,A,A,A,A,A,A,A,A,A,A,A,A,A,A,A,A,A,A,A,A,A,A,A,A,A,A,A,A,A,A,A,A,A,A,A,A,A,A,A,A,A,A,A,A,A,A,A,A,A,A,A,A,A,A,A,A,A,A,A,A,A,A,A,A,f,f,A,A,A,A,A,A,A,A,A,A,A,A,A,A,A,A,A,A,A,A,A,A,A,A,A,A,A,A,A,A,A,A,A,A,A,A,A,A,A,A,A,A,A,A,A,A,A,A,A,A,A,A,A,A,A,A,A,A,A,A,A,A,A,A,A,A,A,A,A,A,A,A,A,A,A,A,A,A,A,A,A,A,A,A,A,A,A,A,A,A,A,A,A,A,A,A,A,A,A,A,A,A,A,A,A,A,A,A,A,A,A,A,A,A,A,A,A,A,A,A,A,A,A,A,A,T,A,A,A,A,A,A,A,A,A,T,A,T,A,A,A,A,A,A,A,A,A,A,A,A,A,A,A,A,A,A
A,A,A,A,A,A,A,A,A,A,A,A,A,A,A,A,A,A,f,f,f,f,f,A,A,A,A,A,F,A,A,f,f,F,f,f,A,f,F,F,f,f,T,T,T,t,t,T,f,f,F,f,f,T,T,T,T,T,A,A,A,A,A,A,A,A,A,A,A,A,A,A,A,A,A,A,T,A,A,A,A,A,A,A,A,A,0,f,A,A,A,A,A,A,A,A,T,A,A,A,A,A,A,A,A,A,A,A,A,A,A,A,A,A,A,A,A,A,A,A,A,A,A,A,A,A,A,A,A,A,A,A,A,A,A,A,A,A,A,A,A,A,A,A,A,A,A,A,A,A,A,A,A,A,A,A,A,A,A,A,A,A,A,A,A,A,A,A,A,A,A,A,A,A,A,A,A,A,A,A,A,A,A,A,A,A,A,A,A,A,A,A,A,A,A,A,A,A,A,A,A,A,A,A,A,A,A,A,A,A,A,A,A,A,A,A,A,A,A,A,A,A,A,A,A,A,A,A,A,A,A,A,A,A,A,A,A,A,A,A,A,A,A,A,A,A,A,A,A,A,A,A,A,A,A,A,A,A,A,A,A,A,A,A,A,A,A,A,A,A,A,A,A,A,A,A,A,A,A,A,A,A,A,A,A,A,A,A,A,A,A,A,A,A,A,A,A,A,A,A,A,A,A,A,A,A,A,A,A,A,A,A,A,A,A,A,A,A,A,A,A,A,A,f,A,A,A,A,A,A,A,f,A,A,A,A,A,A,A,A,A,A,f,f,f,A,A,A,A,A,A,A,A,A,A,A,A,A,A,A,A,A,A,A,A,A,f,A,A,A,A,A,A,A,A,A,A,A,A,A,A,A,A,A,A,A,A,A,A,A,A,A,A,A,A,A,A,A,A,A,A,A,A,A,A,A,A,A,A,A,A,A,A,A,A,A,A,A,A,A,A,A,A,A,A,A,A,A,A,A,A,A,A,A,A,A,A,A,A,A,A,A,A,A,A,A,A,A,A,A,A,A,0,T,T,T,0,A,A,T,T,T,T,T,T,T,T,A,T,T,A,A,A,A,A,A,A,A,A,A,A,T,T,T,T,A,A,A,A,A,A,A,A,A,A,A,A,A,A,A
A,A,A,A,A,A,A,A,A,A,A,A,A,A,A,A,A,f,f,f,F,f,f,A,A,A,A,A,T,T,A,A,A,F,A,A,A,A,f,F,A,T,t,t,t,t,t,T,A,A,F,A,A,T,T,A,T,T,T,T,T,T,T,A,A,A,A,A,A,A,A,A,T,T,T,T,A,A,A,A,A,A,A,A,A,f,f,f,f,A,A,A,A,A,A,A,T,T,A,A,A,A,A,A,A,A,A,A,A,A,A,A,A,A,A,A,A,T,T,A,A,A,A,A,A,A,A,A,A,A,A,A,A,A,A,A,A,A,A,A,A,A,A,A,A,A,A,A,A,A,A,A,A,A,A,A,A,A,A,A,A,A,A,A,A,A,A,A,A,A,A,A,A,A,A,A,A,A,A,A,A,A,A,A,A,A,A,A,A,A,A,A,A,A,A,A,A,A,A,A,A,A,A,A,A,A,A,A,A,A,A,A,A,A,A,A,A,A,A,A,A,A,A,A,A,A,A,A,A,A,A,A,A,A,A,A,A,A,A,A,A,A,A,A,A,A,A,A,A,A,A,A,A,A,A,A,A,f,f,f,A,A,A,A,A,A,A,A,A,A,A,A,A,A,A,A,A,A,A,A,A,A,A,A,A,A,A,A,A,A,A,A,A,A,A,A,A,A,A,A,A,A,A,A,A,A,A,A,A,A,A,A,A,A,A,A,A,A,A,A,A,A,f,f,f,A,A,A,A,A,f,f,f,A,A,A,A,A,A,A,A,f,f,f,f,f,A,A,A,A,A,A,A,A,A,A,A,A,A,A,A,A,A,A,A,f,f,f,A,A,A,A,A,A,A,A,A,A,A,A,A,A,A,A,A,A,A,A,A,A,A,A,A,A,A,A,A,A,A,A,A,A,A,A,A,A,A,A,A,A,A,A,A,A,A,A,A,A,A,A,A,A,A,A,A,A,A,A,A,A,A,A,A,A,A,A,A,A,A,A,A,A,A,A,A,A,T,T,T,T,T,0,T,T,A,A,T,T,T,T,A,A,A,T,T,A,T,T,T,T,A,A,A,A,A,A,A,A,A,A,A,A,A,T,T,A,A,A,A,A,A,A,A,A,A,A,A,A,A,A
A,A,A,A,A,A,A,A,A,A,f,A,A,A,A,A,A,A,A,A,F,f,f,f,A,A,A,T,T,T,T,T,T,F,A,A,A,A,A,F,A,T,t,t,t,t,t,T,T,A,F,A,A,A,A,A,A,A,A,A,A,A,A,A,A,A,A,A,A,T,T,T,T,A,A,A,A,A,A,A,A,A,f,f,f,f,f,f,f,A,A,A,A,A,A,A,A,T,A,A,A,A,A,A,A,A,A,A,A,A,A,A,A,A,A,T,T,T,T,T,T,A,A,A,A,A,A,A,A,A,A,A,A,A,A,A,A,A,A,A,A,A,A,A,A,A,A,A,A,A,A,A,A,A,A,A,A,A,A,A,A,A,A,A,A,A,A,A,A,A,A,A,A,A,A,A,A,A,A,A,A,A,A,A,A,A,A,A,A,A,A,A,A,A,A,A,A,A,A,A,A,A,A,A,A,A,A,A,A,A,A,A,A,A,A,A,A,A,A,A,A,A,A,A,A,A,A,A,A,A,A,A,A,A,A,A,A,A,A,A,A,A,A,A,A,A,A,A,A,A,A,A,A,A,A,A,A,f,f,f,A,A,A,A,A,A,A,A,A,A,A,A,A,A,A,A,A,A,A,A,A,A,A,A,A,A,A,A,A,A,A,A,A,A,A,A,A,A,A,A,A,A,A,A,A,A,A,A,A,A,A,A,A,A,A,A,A,A,A,A,A,f,f,F,f,f,A,A,A,f,f,F,f,f,A,A,A,A,A,A,A,A,f,F,0,A,A,A,A,A,A,A,A,A,A,A,A,A,A,A,A,A,A,A,A,f,F,f,A,A,A,A,A,A,A,A,A,A,A,A,A,A,A,A,A,A,A,A,A,A,A,A,A,A,A,A,A,A,A,A,A,A,A,A,A,A,A,A,A,A,A,A,A,A,A,A,A,A,A,A,A,A,A,A,A,A,A,A,A,A,A,A,A,A,A,A,A,A,A,A,A,A,A,A,A,A,A,A,A,A,A,T,T,A,A,A,A,A,A,A,A,A,A,A,A,A,A,A,A,A,A,A,A,A,A,A,A,A,A,A,A,A,A,A,T,A,A,A,A,A,A,A,A,A,A,A,A,A,A,A
A,A,A,A,A,A,A,A,A,f,f,f,A,A,A,A,A,A,A,A,F,A,A,A,A,A,T,T,A,A,A,A,T,T,T,T,T,T,T,T,T,t,t,t,t,t,t,A,T,T,T,A,A,A,A,A,A,A,A,A,A,A,A,A,A,T,T,T,T,T,A,A,A,A,A,A,A,A,A,A,A,A,f,f,f,f,f,f,f,A,A,A,A,A,A,A,A,T,T,T,A,A,A,A,A,A,A,A,A,A,A,A,A,A,A,T,A,A,A,T,T,T,T,T,T,A,A,A,A,A,A,A,A,A,A,A,A,A,A,A,A,A,A,A,A,A,A,A,A,A,A,A,A,A,A,A,A,A,A,A,A,A,A,A,A,A,A,A,A,A,A,A,A,A,A,A,A,A,A,A,A,A,A,A,A,A,A,A,A,A,A,A,A,A,A,A,A,A,A,A,A,A,A,A,A,A,A,A,A,A,A,A,A,A,A,A,A,A,A,A,A,A,A,A,A,A,A,A,A,A,A,A,A,A,A,A,A,A,A,A,A,A,A,A,A,A,A,A,A,A,A,A,A,A,A,A,f,f,f,f,f,A,A,A,A,A,A,A,A,A,A,A,A,A,A,A,A,A,A,A,A,A,A,A,A,A,A,A,A,A,A,A,A,A,A,A,A,A,A,A,A,A,A,A,A,A,A,A,A,A,A,A,A,A,A,A,A,A,A,A,A,A,A,F,A,A,A,A,A,A,f,F,f,f,A,A,A,A,A,A,A,A,A,F,A,A,A,A,A,A,A,A,A,f,A,A,A,A,A,A,A,A,A,A,f,f,F,f,f,A,A,A,A,A,A,A,A,A,A,A,A,A,A,A,A,A,A,A,f,A,A,A,A,f,f,A,A,A,A,A,A,A,A,A,A,A,A,A,A,A,A,A,A,A,A,A,A,A,A,A,A,A,A,A,A,A,A,A,A,A,A,A,A,A,A,A,A,A,A,A,A,A,A,A,A,A,A,A,A,A,A,A,A,A,A,A,A,A,A,A,A,A,A,A,A,A,A,A,A,A,A,A,A,A,A,A,0,A,A,A,A,A,A,A,0,A,A,A,A,A,A,A,A,A,A,A,A,A,A,t
A,A,A,A,A,A,A,A,A,f,f,f,A,A,A,A,A,A,A,A,F,A,A,A,A,A,T,A,A,A,A,A,A,A,A,A,A,A,A,A,A,A,A,A,A,A,A,A,A,A,T,T,T,T,T,A,A,A,A,A,A,A,A,A,T,T,A,A,A,A,A,A,A,A,A,A,A,A,A,A,A,A,f,f,f,f,f,f,f,A,A,f,f,A,A,A,A,A,T,T,A,A,A,A,A,A,A,A,A,A,A,A,A,A,A,T,A,A,A,A,A,A,A,A,T,T,T,A,A,A,A,A,A,A,A,A,A,A,A,A,A,A,A,A,A,A,A,A,A,A,A,A,A,A,A,A,A,A,A,A,A,A,A,A,A,A,A,A,A,A,A,A,A,A,A,A,A,A,A,A,A,A,A,A,A,A,A,A,A,A,A,A,A,A,A,A,A,A,A,A,A,A,A,A,A,A,A,A,A,A,A,A,A,A,A,A,A,A,A,A,A,A,A,A,A,A,A,A,A,A,A,A,A,A,A,A,A,A,A,A,A,A,A,A,A,A,A,A,A,A,A,A,A,A,A,A,A,f,F,A,A,A,A,A,A,A,A,A,A,A,A,A,f,A,A,A,A,A,A,A,A,A,A,A,A,A,A,A,A,A,A,A,A,A,A,A,A,A,A,A,A,A,A,A,A,A,A,A,A,A,A,f,A,A,A,A,A,A,A,A,A,A,A,F,A,A,A,A,A,A,A,F,A,A,A,A,A,A,A,A,A,A,A,F,A,A,A,A,A,A,A,A,f,f,f,A,A,A,A,A,A,A,A,A,A,A,F,A,A,A,A,A,A,A,A,A,A,A,A,A,A,A,A,A,A,A,A,A,f,f,A,f,f,f,f,A,A,A,A,f,A,A,A,A,A,A,A,A,A,A,A,A,A,A,A,A,A,A,A,A,A,A,A,A,A,A,A,A,A,A,A,A,A,A,A,A,A,A,A,A,A,A,A,A,A,A,A,A,A,A,A,A,A,A,A,A,A,A,A,A,A,A,A,A,A,A,A,A,A,A,A,A,A,A,A,A,T,T,T,A,A,A,A,A,A,A,A,A,A,A,A,A,A,A,A,A,A,A,A,t
A,A,A,A,A,A,A,A,f,f,F,f,f,A,A,A,A,A,A,T,T,T,A,A,A,T,T,A,A,A,A,A,A,A,A,A,A,A,A,A,A,A,A,A,A,A,A,A,A,A,A,A,A,A,A,A,A,A,A,A,A,A,A,T,T,A,A,A,A,A,A,A,A,A,A,A,A,A,A,A,A,A,A,f,f,f,f,f,f,f,f,f,f,A,A,A,A,A,T,T,A,A,A,A,A,A,A,A,A,A,A,A,A,A,T,T,A,A,A,A,A,A,A,A,A,T,T,A,A,A,A,A,A,A,A,A,A,A,A,A,A,A,A,A,A,A,A,A,A,A,A,A,A,A,A,A,A,A,A,A,A,A,A,A,A,A,A,A,A,A,A,A,A,A,A,A,A,A,A,A,A,A,A,A,A,A,A,A,A,A,A,A,A,A,A,A,A,A,A,A,A,A,A,A,A,A,A,A,A,A,A,A,A,A,A,A,A,A,A,A,A,A,A,A,A,A,A,A,A,A,A,A,A,A,A,A,A,A,A,A,A,A,A,A,A,A,A,A,A,A,A,A,A,A,A,A,A,A,F,A,A,A,A,A,A,A,A,A,A,A,A,f,f,f,A,A,A,A,A,A,A,A,A,A,A,A,A,A,A,A,A,A,A,A,A,A,A,A,A,A,A,A,A,A,A,A,A,A,A,A,f,f,0,A,A,A,A,A,A,A,T,T,T,T,T,T,T,T,T,T,T,T,T,T,T,T,T,T,T,T,T,T,T,T,T,T,A,A,A,A,A,A,f,f,f,A,A,A,A,A,A,T,T,T,T,T,T,T,T,T,T,T,T,T,T,T,T,T,T,A,A,A,A,A,A,A,A,A,f,f,f,f,f,f,f,f,f,f,f,f,f,A,A,A,A,A,A,A,A,A,A,A,A,A,A,A,A,A,A,A,A,A,A,A,A,A,A,A,A,A,A,A,A,A,A,A,A,A,A,A,A,A,A,A,A,A,A,A,A,A,A,A,A,A,A,A,A,A,A,A,A,A,A,A,A,A,A,A,A,A,A,A,A,A,A,A,0,T,T,A,A,A,A,A,A,A,A,A,A,A,A,A,A,A,A,A,A,A,A,t
A,A,A,A,A,A,A,A,A,A,F,A,A,A,A,A,A,T,T,T,A,T,T,A,A,T,A,A,A,A,A,A,A,A,A,A,A,A,A,A,A,A,A,A,A,A,A,A,A,A,A,A,A,A,A,A,A,A,A,A,A,A,A,T,A,A,A,A,A,A,A,A,A,A,A,A,A,A,A,A,A,f,f,f,f,F,F,f,f,f,f,f,f,f,A,A,A,A,A,T,T,A,A,A,A,A,A,A,A,A,A,A,A,A,T,T,A,A,A,A,A,A,A,A,A,T,A,A,A,A,A,A,A,A,A,A,A,A,A,A,A,A,A,A,A,A,A,A,A,A,A,A,A,A,A,A,A,A,A,A,A,A,A,A,A,A,A,A,A,A,A,A,A,A,A,A,A,A,A,A,A,A,A,A,A,A,A,A,A,A,A,A,A,A,A,A,A,A,A,A,A,A,A,A,A,A,A,A,A,A,A,A,A,A,A,A,A,A,A,A,A,A,A,A,A,A,A,A,A,A,A,A,A,A,A,A,A,A,A,A,A,A,A,A,A,A,A,A,A,A,A,A,A,A,A,T,T,T,T,T,T,T,T,A,A,A,A,A,A,A,f,f,F,f,f,A,A,A,A,A,A,A,A,A,A,A,A,A,A,A,A,A,A,A,A,A,A,A,A,A,A,A,A,A,A,A,A,A,A,f,f,f,f,f,A,A,A,A,A,A,T,A,A,A,A,A,A,A,A,A,A,A,A,A,A,A,A,A,A,A,A,A,A,A,0,T,T,A,A,A,A,f,f,F,f,f,A,A,A,T,A,A,A,A,A,A,A,A,A,A,A,A,A,A,A,A,A,A,A,A,A,A,A,A,A,A,A,f,f,f,f,f,f,f,f,f,f,f,f,f,f,f,A,A,A,A,A,A,A,A,A,A,A,A,A,A,A,A,A,A,A,A,A,A,A,A,A,A,A,A,A,A,A,A,A,A,A,A,A,A,A,A,A,A,A,A,A,A,A,A,A,A,A,A,A,A,A,A,A,A,A,A,A,A,A,A,A,A,A,0,T,T,T,T,T,T,T,T,T,T,A,A,A,A,A,A,A,A,A,A,A,A,A,A,A,A,A,A,A,t
A,A,A,A,A,A,A,A,A,A,F,A,A,A,A,A,T,T,A,A,A,A,T,A,T,T,A,f,f,f,f,A,A,A,A,A,A,A,A,A,A,A,A,A,A,A,A,A,A,A,A,A,A,T,T,T,T,T,A,A,A,A,T,T,T,A,A,A,A,A,A,A,A,A,A,A,A,A,A,A,A,f,f,f,F,F,F,f,f,f,f,A,f,A,A,A,A,A,A,A,T,T,T,T,A,A,A,A,A,A,A,A,A,A,T,T,A,A,A,A,A,A,A,A,A,T,A,A,A,A,A,A,A,A,A,A,A,A,A,A,A,A,A,A,A,A,A,A,A,A,A,A,A,A,A,A,A,A,A,A,A,A,A,A,A,A,A,A,A,A,A,A,A,A,A,A,A,A,A,A,A,A,A,A,A,A,A,A,A,A,A,A,A,A,A,A,A,A,A,A,A,A,A,A,A,A,A,A,A,A,A,A,A,A,A,A,A,A,A,A,A,A,A,A,A,A,A,A,A,A,A,A,A,A,A,A,A,A,A,A,A,A,A,A,A,T,T,T,T,T,A,A,A,T,T,T,T,T,A,A,A,A,T,T,T,T,A,A,A,A,A,f,F,f,A,A,A,A,A,A,A,A,A,A,A,A,A,A,A,A,A,A,A,A,A,A,A,A,A,A,f,A,A,A,A,A,A,A,A,A,f,F,f,f,A,A,A,A,A,T,T,A,A,A,A,A,A,A,A,A,A,A,A,A,A,A,A,A,A,A,A,A,A,A,A,A,T,T,T,T,A,A,A,F,A,A,A,A,A,T,A,A,A,A,A,A,A,A,A,A,A,A,A,A,A,A,A,A,A,A,A,A,A,A,A,A,A,f,F,f,f,F,f,f,F,f,f,F,f,F,f,f,A,A,A,A,A,A,A,A,A,A,A,A,A,A,A,A,A,A,A,A,A,A,A,A,A,A,A,A,A,A,A,A,A,0,0,0,0,0,0,0,0,0,0,0,0,0,0,0,0,0,0,0,A,A,A,A,A,A,A,A,A,A,A,A,A,A,T,T,A,A,0,T,A,T,T,T,A,T,T,A,A,A,A,A,A,A,A,A,A,A,A,A,A,A,A,A,A,t
T,T,T,T,T,T,T,T,A,A,T,T,T,T,T,T,T,A,A,A,A,A,T,T,T,A,f,f,f,F,f,A,A,A,A,A,A,A,A,A,A,A,A,A,A,A,A,A,A,A,A,A,A,A,T,T,A,T,T,T,T,T,T,A,A,A,A,A,A,A,A,A,A,A,A,A,A,A,A,A,A,f,f,f,F,F,f,f,f,f,A,A,A,A,A,A,A,A,A,A,A,A,A,T,T,T,T,A,A,A,A,A,A,A,A,T,A,A,A,A,A,A,A,A,A,T,A,A,A,A,A,A,A,A,A,A,A,A,A,A,A,A,A,A,A,A,A,A,A,A,A,A,A,A,A,A,A,A,A,A,A,A,A,A,A,A,A,A,A,A,A,A,A,A,A,A,A,A,A,A,A,A,A,A,A,A,A,A,A,A,A,A,A,A,A,A,A,A,A,A,A,A,A,A,A,A,A,A,A,A,A,A,A,A,A,A,A,A,A,A,A,A,A,A,A,A,A,A,A,A,A,A,A,A,A,A,A,A,A,A,A,A,A,A,A,T,A,A,0,T,T,T,T,T,A,A,A,A,A,A,A,A,A,A,A,T,T,T,T,T,A,A,F,A,A,A,A,A,A,A,A,A,A,A,A,A,A,A,A,A,A,A,A,A,A,A,A,A,A,f,f,f,A,A,A,A,A,A,A,A,A,F,A,A,A,A,A,A,A,T,T,A,A,A,A,A,A,A,A,A,A,A,A,A,A,A,A,A,A,A,A,A,A,A,A,A,A,A,0,T,T,T,0,F,A,T,T,T,T,T,A,A,A,A,A,A,A,A,A,A,A,A,A,A,A,A,A,A,A,A,A,A,A,A,A,A,A,A,F,f,f,F,A,f,F,f,f,F,f,F,f,A,A,A,A,A,A,A,A,A,A,A,A,A,A,A,A,A,A,A,A,A,A,A,A,A,A,A,A,A,A,A,A,0,0,0,A,A,A,A,A,A,A,A,A,A,A,A,A,A,A,A,A,0,0,A,A,A,A,A,A,A,A,A,A,A,A,A,T,A,A,A,A,A,A,A,T,A,A,A,T,A,A,A,A,A,A,A,A,A,A,A,A,A,A,A,A,A,A,t
A,A,A,A,A,A,A,T,T,T,T,A,A,A,A,A,A,A,A,A,A,A,A,A,A,A,f,F,F,f,f,A,A,A,A,A,A,A,f,f,f,f,A,A,A,A,A,A,A,A,A,A,A,A,A,A,A,A,A,A,A,A,A,A,A,A,A,A,A,A,A,A,A,A,A,A,A,A,A,A,A,A,f,f,f,F,F,0,A,A,A,A,A,A,A,A,A,A,A,A,A,A,A,A,A,A,T,T,T,T,T,A,A,A,A,T,A,A,A,A,A,A,A,A,A,T,A,A,A,A,A,A,A,A,A,A,A,A,A,A,A,A,A,A,A,A,A,A,A,A,A,A,A,A,A,A,A,A,A,A,A,A,A,A,A,A,A,A,A,A,A,A,A,A,A,A,A,A,A,A,A,A,A,A,A,A,A,A,A,A,A,A,A,A,A,A,A,A,A,A,A,A,A,A,A,A,A,A,A,A,A,A,A,A,f,A,A,A,A,A,A,A,A,A,A,A,A,A,A,A,A,A,A,A,A,A,A,A,A,A,A,A,A,A,A,T,A,A,A,A,A,A,A,A,A,A,A,A,A,A,A,A,A,A,A,A,A,T,T,T,T,T,T,T,T,A,A,A,A,A,A,A,A,A,A,A,A,A,A,A,A,A,A,A,A,A,A,A,f,f,f,f,f,A,A,A,A,A,A,A,A,F,A,A,A,A,A,T,T,T,A,A,A,A,A,A,A,A,A,A,A,A,A,A,A,A,A,A,A,A,A,A,A,A,A,A,A,A,A,A,A,T,T,T,T,T,A,A,A,A,A,A,A,A,A,A,A,A,A,A,A,A,A,A,A,A,A,A,A,A,A,A,A,A,T,T,A,A,F,A,A,F,A,A,F,A,A,F,A,F,A,A,A,A,A,A,A,A,A,A,A,A,A,A,A,A,A,A,A,A,A,A,A,A,A,A,A,A,A,A,A,A,0,0,A,A,A,A,A,A,A,A,A,A,A,A,A,A,A,A,A,A,A,A,0,A,A,A,A,A,A,A,A,A,A,A,A,T,T,A,A,A,A,A,A,A,T,A,A,A,T,T,A,A,A,A,A,A,A,A,A,A,A,A,A,A,A,A,A,t
A,A,A,A,A,A,A,A,A,A,A,A,A,A,A,A,A,A,A,A,A,A,A,A,A,A,f,f,F,F,A,A,A,A,A,A,A,A,f,A,f,f,f,A,A,A,A,A,A,A,A,A,A,A,A,A,A,A,A,A,A,A,A,A,A,A,A,A,A,A,A,A,A,A,A,A,A,A,A,A,A,A,A,A,A,F,F,A,A,A,A,A,A,A,A,A,A,A,A,A,A,A,A,A,A,A,A,A,A,T,T,T,T,T,T,T,A,A,A,A,A,A,A,A,A,T,A,A,A,A,A,A,A,A,A,A,A,A,A,A,A,A,A,A,A,A,A,A,A,A,A,A,A,A,A,A,A,A,A,A,A,A,A,A,A,A,A,A,A,A,A,A,A,A,A,A,A,A,A,A,A,A,A,A,A,A,A,A,A,A,A,A,A,A,A,A,A,A,A,A,A,A,A,A,A,A,A,A,A,A,A,A,A,f,f,f,A,A,A,A,A,A,A,A,A,A,A,A,A,A,A,A,A,A,A,A,A,A,A,A,A,A,A,A,A,T,A,A,A,A,A,A,A,A,A,A,A,A,A,A,A,A,A,A,A,A,A,A,A,A,A,A,A,A,T,T,T,T,A,T,0,A,A,A,A,A,A,A,A,A,A,A,A,A,A,A,A,A,A,f,f,f,A,A,A,A,A,A,A,A,A,T,A,A,A,T,T,T,A,A,A,A,A,A,A,A,A,A,A,A,A,A,A,0,A,A,A,A,A,A,A,A,A,A,A,A,A,A,A,A,A,A,A,A,A,A,A,A,A,A,A,A,A,A,A,A,A,A,A,A,A,A,A,A,A,A,A,A,A,T,T,T,T,T,T,T,T,T,T,T,T,T,T,T,T,T,T,T,T,T,T,T,T,t,t,T,A,A,A,A,A,A,A,A,A,A,A,A,A,A,A,A,A,A,A,A,A,A,A,A,A,0,0,A,A,A,A,A,A,A,A,A,A,A,A,A,T,T,T,T,T,T,T,T,T,T,T,T,T,A,A,A,A,A,A,A,T,T,T,A,A,A,A,A,A,A,T,A,A,A,A,T,T,A,A,A,A,A,A,A,A,A,A,A,A,A,A,A,A,t
A,A,A,A,A,A,A,A,f,A,A,A,A,A,A,A,A,A,A,A,A,A,A,A,A,A,A,A,F,A,A,A,A,A,A,A,A,A,f,f,f,f,f,f,A,A,A,A,T,T,T,T,A,A,A,A,A,A,A,A,A,A,A,A,A,A,A,A,A,A,f,f,f,f,A,A,A,A,A,A,A,A,A,A,A,F,F,A,A,A,A,A,A,A,A,A,A,A,A,A,A,A,A,A,A,A,A,A,A,A,T,T,T,T,A,A,A,A,A,A,A,A,A,A,A,T,T,A,A,A,A,A,A,A,A,A,A,A,A,A,A,A,A,A,A,A,A,A,A,A,A,A,A,A,A,A,A,A,A,A,A,A,A,A,A,A,A,A,A,A,A,A,A,A,A,A,A,A,A,A,A,A,A,A,A,A,A,A,A,A,A,A,A,A,A,A,A,A,A,A,A,A,A,A,A,A,A,A,A,A,A,A,A,f,F,f,A,A,A,A,A,A,A,A,A,A,A,A,A,A,A,A,A,A,A,A,A,A,A,A,A,A,A,A,A,T,A,A,A,A,A,A,A,A,A,A,A,A,A,A,A,A,A,A,A,A,A,A,A,A,A,A,A,A,A,A,A,A,A,T,T,T,A,A,A,A,A,A,A,A,A,A,A,A,A,A,A,A,f,f,F,f,f,A,A,A,A,A,A,A,T,T,T,T,T,T,A,A,A,A,A,A,A,A,A,A,A,A,A,A,A,0,0,0,0,0,A,A,A,A,A,A,A,A,A,A,A,A,A,A,A,A,A,A,A,A,A,A,A,A,A,A,A,A,A,A,A,A,A,A,A,A,A,A,A,T,T,T,T,T,A,A,A,A,A,A,A,A,A,A,A,A,A,A,A,A,A,A,A,A,A,A,A,t,t,T,A,A,A,A,A,A,A,A,A,A,A,A,0,0,0,A,A,0,0,0,A,A,A,A,A,0,A,A,A,A,A,A,A,A,A,A,A,A,T,T,T,t,t,t,t,t,t,t,t,t,t,t,T,A,A,A,A,A,A,0,T,T,A,A,A,A,A,A,A,A,T,A,A,A,A,A,T,A,A,A,A,A,A,A,A,A,A,A,A,A,A,A,A,t
A,A,A,A,A,A,A,f,f,f,A,A,A,A,A,T,T,T,T,T,T,T,T,T,T,T,T,T,T,T,T,T,T,T,A,A,A,A,A,f,f,f,f,f,A,A,A,A,A,A,A,A,T,T,T,T,A,A,A,A,A,A,A,A,A,A,A,A,A,A,f,f,0,f,f,A,A,A,A,A,A,A,A,A,A,F,F,A,A,A,A,A,A,A,A,A,A,A,A,A,A,A,A,A,A,A,A,A,A,A,A,A,A,A,A,A,A,A,A,A,A,A,A,A,A,A,T,T,A,A,A,A,A,A,A,A,A,A,A,A,A,A,A,A,A,A,A,A,A,A,A,A,A,A,A,A,A,A,A,A,A,A,A,A,A,A,A,A,A,A,A,A,A,A,A,A,A,A,A,A,A,A,A,A,A,A,A,A,A,A,A,A,A,A,A,A,A,A,A,A,A,A,A,A,A,A,A,A,A,A,A,A,f,f,F,f,f,A,A,A,A,A,A,A,A,A,A,A,A,A,A,A,A,A,A,A,A,A,A,A,A,A,A,A,A,T,A,A,A,A,A,A,A,A,A,A,A,A,A,A,A,A,A,A,A,A,A,A,A,A,A,A,A,A,A,A,A,A,A,A,A,T,T,A,A,A,A,A,A,A,A,A,A,A,A,A,A,A,A,A,F,A,A,A,A,A,A,T,T,T,T,T,A,A,A,A,A,A,A,A,A,A,A,A,A,A,A,A,A,A,A,A,0,F,0,A,A,A,A,A,A,A,A,A,A,A,A,A,A,A,A,A,A,A,A,A,A,A,A,A,A,A,A,A,A,A,A,A,A,A,A,A,A,A,T,T,0,A,A,A,A,A,A,A,A,A,A,A,A,A,A,A,A,A,A,A,A,A,A,A,t,t,t,t,t,T,A,A,A,A,A,A,A,A,A,A,A,0,0,0,A,A,A,0,0,0,A,A,A,A,A,0,A,A,A,A,A,A,A,A,A,A,A,A,t,t,t,t,A,A,A,A,t,t,t,A,A,A,T,T,T,A,A,A,T,T,T,T,A,A,A,A,A,A,A,A,T,A,A,A,A,A,0,A,A,A,A,A,A,A,A,A,A,A,A,A,A,A,A,t
A,A,A,A,A,A,A,f,f,f,A,A,A,A,A,A,A,A,A,A,A,A,A,A,A,A,A,A,A,A,A,A,A,A,A,A,A,A,A,A,f,F,f,A,A,A,A,A,A,A,A,A,A,A,A,T,T,T,A,A,A,A,A,A,A,A,A,A,A,A,f,f,F,f,f,A,A,A,A,T,T,A,A,A,A,F,F,A,A,A,A,A,A,A,A,A,A,A,A,A,A,A,A,A,A,A,A,A,A,A,A,A,A,A,A,A,A,A,A,A,A,A,A,A,A,A,A,T,A,A,A,A,A,A,A,A,A,A,A,A,A,A,A,A,A,A,A,A,A,A,A,A,A,A,A,A,A,A,A,A,A,A,A,A,A,A,A,A,A,A,A,A,A,A,A,A,A,A,A,A,A,A,A,A,A,A,A,A,A,A,A,A,A,A,A,A,A,A,A,A,A,A,A,A,A,A,A,A,A,A,A,A,A,A,F,A,A,A,T,T,A,A,A,A,A,A,A,A,A,A,A,A,A,A,A,A,A,A,A,A,A,A,A,A,A,A,A,A,A,A,A,A,A,A,A,A,A,A,A,A,A,A,A,A,A,A,A,A,A,A,A,A,A,A,A,A,A,A,A,A,A,A,T,A,A,A,A,A,A,A,A,A,A,A,A,A,A,A,A,A,F,A,A,A,A,T,T,T,A,A,A,A,A,A,A,A,A,A,A,A,A,A,A,A,A,A,A,A,A,A,A,A,A,F,A,A,A,A,A,A,A,A,A,A,0,0,A,A,A,A,A,A,A,A,A,A,A,A,A,A,A,A,A,A,A,A,A,A,A,A,A,A,A,T,T,A,A,A,A,A,A,A,A,A,A,A,A,A,A,A,A,A,A,A,A,A,A,t,t,t,t,A,t,t,t,T,A,A,A,A,A,A,T,T,T,A,0,0,0,0,A,A,0,0,0,0,A,A,A,0,0,0,A,A,A,A,A,A,A,A,A,A,A,A,t,t,A,A,A,A,t,t,t,A,A,A,A,A,A,0,0,t,t,T,T,t,T,T,A,A,A,A,A,A,A,A,T,A,A,A,A,A,A,A,A,A,A,A,A,A,A,A,A,A,A,A,A,A,t,t
A,A,A,A,A,A,f,f,F,f,f,A,A,f,f,f,f,A,A,A,A,A,A,A,A,A,A,A,A,A,A,A,A,A,A,A,A,A,A,A,A,F,A,T,T,T,T,A,A,A,A,A,A,A,A,A,A,A,A,A,A,A,A,A,A,A,A,A,A,A,f,f,F,f,A,A,A,A,A,A,T,T,T,T,A,F,F,A,A,A,A,A,A,A,A,A,A,A,A,A,A,A,A,A,A,A,A,A,A,A,A,A,A,A,A,A,A,A,A,A,A,A,A,A,A,A,A,T,A,A,A,A,A,A,A,A,A,A,A,A,A,A,A,A,A,A,A,A,A,A,A,A,A,A,A,A,A,A,A,A,A,A,A,A,A,A,A,A,A,A,A,A,A,f,A,A,A,A,A,A,A,A,A,A,A,A,A,A,A,A,A,A,A,A,A,A,A,A,A,A,A,A,A,A,A,A,A,A,A,A,T,T,T,T,T,T,T,T,T,A,A,A,A,A,A,A,A,A,A,A,A,A,A,A,A,A,A,A,A,A,A,A,T,A,A,A,A,A,A,A,A,A,A,A,A,A,A,A,A,A,A,A,A,A,A,A,A,A,A,A,A,A,A,A,A,A,A,A,A,A,A,A,A,A,A,A,A,A,A,A,A,A,A,A,A,A,A,A,A,A,T,A,A,A,T,T,A,A,A,A,A,A,A,A,A,A,A,A,A,A,A,A,A,A,A,A,A,A,T,T,T,A,A,F,A,A,A,A,A,A,A,A,A,A,0,T,T,0,A,A,A,A,A,A,A,A,A,A,A,A,A,A,A,A,A,A,A,A,A,A,A,A,T,T,A,A,A,A,A,A,A,A,A,A,A,A,A,A,A,A,A,A,A,A,t,t,t,t,t,t,t,t,t,t,t,T,A,A,A,A,T,T,T,A,T,A,0,0,0,0,0,A,0,0,0,0,A,A,0,0,A,0,A,A,A,A,A,A,A,A,A,A,A,A,t,t,A,A,t,t,A,A,A,A,A,A,A,t,t,t,t,t,t,t,t,t,t,T,T,A,A,A,A,A,A,A,T,A,A,A,A,A,A,A,A,A,A,A,A,A,A,A,A,A,A,A,A,A,t,T
T,A,A,A,A,A,A,A,F,A,A,A,A,A,f,F,f,A,A,A,A,A,A,A,A,A,A,A,A,A,A,A,A,A,A,A,A,A,T,T,T,T,T,T,A,A,A,A,A,A,A,A,A,A,A,A,A,A,A,A,A,A,A,A,A,A,A,A,A,A,A,A,F,A,A,A,A,A,A,A,A,A,T,T,T,T,T,T,T,A,A,A,A,A,A,A,A,A,A,A,A,A,A,A,A,A,A,A,A,A,A,A,A,A,A,A,A,A,A,A,A,A,A,A,A,A,A,T,T,A,A,A,A,A,A,A,A,A,A,A,A,A,A,A,A,A,A,A,A,A,A,A,A,A,A,A,A,A,A,A,A,A,A,A,A,A,A,A,A,A,A,A,f,f,f,A,A,A,A,A,A,A,A,A,A,A,A,A,A,A,A,A,A,A,A,A,A,A,A,A,A,A,A,A,A,A,A,A,T,T,T,A,A,A,A,A,A,A,A,A,A,A,A,A,A,A,A,A,A,A,A,A,A,A,A,A,A,A,A,A,A,A,T,T,A,A,A,A,A,A,A,A,A,A,A,A,A,A,A,A,A,A,A,A,A,A,A,A,A,A,A,A,A,A,A,A,A,A,A,A,A,A,A,A,A,A,A,A,A,T,A,A,T,A,A,T,A,A,A,A,T,A,A,A,A,A,A,A,A,A,A,A,A,A,A,A,A,A,A,A,A,A,A,A,A,A,A,A,T,A,T,T,T,T,T,T,T,T,T,A,A,A,A,0,T,T,T,T,T,A,A,A,A,A,A,A,A,A,A,A,A,A,A,A,A,A,A,A,A,A,A,T,T,A,A,A,A,A,A,A,A,A,A,A,A,A,A,A,A,t,t,t,t,t,t,t,t,t,t,t,t,t,t,A,t,T,A,A,T,T,T,A,A,A,T,A,A,A,0,A,A,A,A,0,A,A,A,A,A,A,A,A,A,A,A,A,A,A,A,A,A,A,A,A,t,t,t,t,t,A,A,A,A,A,A,t,t,t,t,t,t,A,A,A,A,t,t,A,T,T,T,A,A,A,A,A,0,A,A,A,A,A,A,A,A,A,A,A,A,A,A,A,A,A,A,A,A,A,t,t
T,T,T,A,A,A,A,A,F,A,A,A,A,A,f,F,f,A,A,T,T,A,A,A,A,A,A,A,A,A,A,A,A,A,A,A,T,T,T,A,A,A,A,A,A,A,A,A,A,A,A,A,A,A,A,A,A,A,A,A,A,A,A,A,A,A,A,A,A,A,A,A,F,A,A,A,A,A,A,A,A,A,A,A,A,A,A,A,T,T,T,T,T,T,T,A,A,A,A,A,A,A,A,A,A,A,A,A,A,A,A,A,A,A,A,A,A,A,A,A,A,A,A,A,A,A,A,A,T,T,A,A,A,A,A,A,A,A,A,A,A,A,A,A,A,A,A,A,A,A,A,A,A,A,A,A,A,A,A,A,A,A,A,A,A,A,A,A,A,A,A,A,f,f,f,A,A,A,A,A,A,A,A,A,A,A,A,A,A,A,A,A,A,A,A,A,A,A,A,A,A,A,A,A,A,A,A,A,A,A,A,A,A,A,A,A,T,T,T,A,A,A,A,A,A,A,A,A,A,A,A,A,A,A,A,A,A,A,A,A,A,T,T,T,T,T,A,A,A,A,A,A,A,A,A,A,A,A,A,A,A,A,A,A,A,A,A,A,A,A,A,A,A,A,A,A,A,A,A,A,A,A,A,A,A,A,A,A,A,A,A,A,A,A,A,A,A,A,A,A,A,A,A,A,A,A,A,A,A,A,A,A,A,A,A,A,A,A,A,A,A,A,A,A,A,A,A,T,T,A,A,A,A,A,T,T,T,T,T,T,T,T,T,T,T,A,A,A,T,T,T,A,A,A,A,A,A,A,f,f,f,f,A,A,A,A,A,A,A,0,T,T,A,A,A,A,A,A,A,A,A,A,t,t,t,t,t,t,t,t,t,t,t,t,t,t,t,t,t,t,t,t,t,t,t,T,A,A,A,0,A,A,A,A,T,T,T,T,T,T,T,T,T,T,T,T,T,T,T,T,T,T,T,T,T,A,A,A,A,A,A,A,A,A,t,t,t,A,A,A,A,A,A,A,t,t,t,t,t,t,A,A,A,A,A,A,t,t,t,0,T,T,T,T,T,T,T,T,T,0,A,A,A,A,A,A,A,A,A,A,A,A,A,A,A,A,A,A,A,t
A,A,T,T,T,A,A,T,T,T,T,T,T,T,T,F,A,A,T,T,T,T,A,A,A,A,A,A,A,A,A,A,A,A,A,T,T,A,A,A,A,A,A,A,A,A,A,A,A,A,A,A,A,A,A,A,A,A,A,A,A,A,A,A,A,A,A,A,A,A,T,T,T,T,T,T,T,T,T,T,T,T,T,A,A,A,A,A,A,A,A,A,A,A,T,T,T,T,T,T,T,A,A,A,A,A,A,A,A,A,A,A,A,A,A,A,A,A,A,A,A,A,A,A,A,A,A,A,A,T,A,A,A,A,A,A,A,A,A,A,A,A,A,A,A,A,A,A,A,A,A,A,A,A,A,A,A,A,A,A,A,A,A,A,A,A,A,A,A,A,A,f,f,F,f,f,f,A,A,A,A,A,A,A,A,A,A,A,A,A,A,A,A,A,A,A,A,A,A,A,A,A,A,A,A,A,A,A,A,A,A,A,T,T,T,T,T,t,T,T,A,A,A,A,A,A,A,A,A,A,A,A,A,A,A,A,A,A,A,A,A,T,A,A,0,T,A,A,A,A,A,A,A,A,A,A,A,A,A,A,A,A,A,A,A,A,A,A,A,A,A,A,A,A,A,A,A,A,A,A,A,A,A,A,A,A,A,A,A,A,A,A,A,A,A,A,A,A,A,A,A,A,A,A,A,A,A,A,A,A,A,A,A,A,A,A,A,A,A,A,A,A,A,A,A,A,A,T,T,A,A,A,A,A,A,A,A,A,A,A,A,A,A,A,A,A,A,A,A,A,T,0,A,A,A,A,A,f,f,f,f,f,A,A,A,A,A,0,T,T,T,A,A,A,A,A,A,A,t,t,t,t,t,t,t,t,t,t,t,t,t,t,t,t,t,t,t,t,t,t,t,t,t,t,t,T,A,A,A,A,A,A,A,A,A,A,A,A,A,A,A,A,A,A,A,A,A,0,T,A,A,A,T,T,T,T,T,T,T,T,T,t,T,T,t,t,A,A,A,A,A,t,t,t,t,t,t,t,t,t,A,A,A,A,A,A,A,t,t,t,A,A,A,A,A,A,A,T,T,T,T,T,T,T,T,0,0,0,0,0,T,T,T,T,T,T,T,T,T,t
t,t,A,T,T,T,T,T,A,A,A,A,A,A,T,T,T,T,T,A,A,A,A,A,A,A,A,A,A,A,A,A,A,A,t,t,A,A,A,A,A,A,A,A,A,A,A,A,A,A,A,A,A,A,A,A,A,A,A,A,A,A,A,A,A,A,A,A,A,T,t,t,t,t,t,t,t,t,t,t,A,A,A,A,A,A,A,A,A,A,A,A,A,A,A,t,t,t,t,A,T,T,T,T,T,T,T,T,T,T,T,T,T,T,A,A,A,A,A,A,A,A,A,A,A,A,A,A,A,T,T,A,A,A,A,A,A,A,A,A,A,A,A,A,A,A,A,A,A,A,A,A,A,A,A,A,A,A,A,A,A,f,A,A,A,A,A,A,A,A,A,A,A,F,A,A,A,A,A,A,A,A,A,A,A,A,A,A,A,A,A,A,A,A,A,A,A,A,A,A,A,A,A,A,A,A,A,A,A,A,T,T,T,t,t,t,t,t,t,T,A,A,A,A,A,A,A,A,A,A,A,A,A,A,A,A,A,A,A,A,T,T,A,A,A,T,T,A,A,A,A,A,A,A,A,A,A,A,A,A,A,A,A,A,A,A,A,A,A,A,A,A,A,A,A,A,A,A,A,A,A,A,A,A,A,A,A,A,A,A,A,A,A,A,A,A,A,A,A,A,A,A,A,A,A,A,A,A,A,A,A,A,A,A,A,A,A,A,A,A,A,A,A,A,A,A,T,T,A,A,A,A,A,A,A,A,A,A,A,A,A,A,A,A,A,A,A,A,A,A,T,T,0,0,A,A,A,A,f,F,f,f,A,A,A,0,0,T,T,A,A,A,A,A,A,A,A,t,t,t,t,t,t,t,t,t,t,t,t,t,t,t,t,t,t,t,t,t,t,t,t,t,t,t,T,T,A,A,A,A,A,A,A,A,A,A,A,A,A,A,A,A,A,A,A,A,T,T,T,A,A,A,A,A,A,A,A,A,A,A,A,t,t,t,t,T,T,A,A,A,t,t,t,t,t,t,t,t,t,A,A,A,A,A,A,A,A,A,t,t,A,A,A,A,A,A,A,A,A,A,A,A,A,A,T,T,T,T,T,T,T,A,A,A,A,A,A,A,A,t
t,t,t,t,t,t,t,t,t,A,t,t,A,A,t,t,A,A,A,A,A,A,A,A,t,t,A,A,A,A,t,t,t,t,t,A,A,A,A,A,A,A,A,A,A,A,A,A,A,A,T,T,T,T,T,A,A,A,A,A,A,A,A,T,T,T,A,T,T,T,t,t,t,t,t,t,t,t,t,t,A,A,A,A,A,A,A,A,t,t,t,t,t,t,t,t,t,t,t,A,A,A,A,A,A,A,A,A,A,A,A,A,A,T,T,T,T,T,T,T,T,T,T,A,A,A,A,A,A,A,T,A,A,A,A,A,A,A,A,A,A,A,A,A,A,A,A,A,A,A,A,A,A,A,A,A,A,A,A,A,f,f,f,A,A,A,A,A,A,A,A,A,A,F,A,A,A,A,A,A,A,A,A,A,A,A,A,0,A,A,A,A,A,A,A,A,A,A,A,A,A,A,A,A,A,A,A,A,T,T,t,t,t,t,t,t,t,t,t,t,T,A,A,A,A,A,A,A,f,A,A,A,A,A,A,A,A,A,A,A,T,A,A,A,A,0,T,A,A,A,A,A,A,A,A,A,A,A,A,A,A,A,A,A,f,f,A,A,A,A,A,A,A,A,A,A,A,A,A,A,A,A,A,A,A,A,A,A,A,A,A,A,A,A,A,A,A,A,A,A,A,A,A,A,A,A,A,A,A,A,A,A,A,A,A,A,A,A,A,A,A,A,A,A,A,T,T,A,A,A,A,A,A,A,A,A,A,A,A,A,A,A,A,A,A,A,A,A,A,A,A,T,T,T,0,A,A,A,f,F,f,A,A,0,0,T,T,T,A,A,A,A,A,A,A,t,t,t,t,t,t,t,t,t,t,t,t,t,t,t,t,t,t,t,t,t,t,t,t,t,t,t,t,t,T,T,A,A,A,A,A,A,A,A,A,A,A,A,A,A,T,T,T,0,A,A,T,0,A,A,A,A,A,A,A,A,A,A,A,A,A,t,t,t,t,A,A,A,A,t,t,t,t,t,t,t,t,t,t,t,t,A,A,A,A,A,A,t,t,A,A,A,A,A,A,A,A,A,A,A,A,A,A,A,A,A,A,A,A,A,A,A,A,A,A,A,A,A,A,t
t,t,t,t,t,t,t,t,t,t,t,A,A,t,t,A,A,A,A,A,A,A,t,t,t,t,t,t,t,t,A,A,t,A,A,A,A,A,A,A,A,A,A,A,A,A,A,A,A,A,A,t,A,A,T,T,A,A,A,A,A,T,T,t,t,t,T,T,t,t,t,t,t,t,t,t,t,t,t,t,A,A,A,A,A,A,A,A,t,t,t,t,A,A,A,A,t,t,t,A,A,A,A,A,A,A,A,A,A,A,A,A,A,A,T,T,A,A,A,A,A,A,A,A,A,A,A,A,A,A,T,T,T,A,A,A,A,A,A,A,A,A,A,A,A,A,A,A,A,A,A,A,A,A,A,A,A,A,A,A,f,f,f,A,A,A,A,T,T,T,T,T,T,T,T,T,T,T,T,A,A,A,A,A,A,A,0,0,0,A,A,A,A,A,A,A,0,f,A,A,A,A,A,A,A,T,T,T,T,t,t,t,t,t,t,t,t,t,t,t,t,T,T,A,A,A,A,f,f,f,A,A,A,A,A,A,A,A,A,A,T,A,A,A,A,A,T,A,A,A,A,A,A,f,f,A,A,A,A,A,A,A,A,A,f,f,f,A,A,A,A,A,A,A,A,A,A,A,A,A,A,A,A,A,A,A,A,A,A,A,A,A,A,A,A,A,A,A,A,A,A,A,A,A,A,A,A,A,A,A,A,A,A,A,A,A,A,A,A,A,A,A,A,A,T,T,0,A,A,A,A,A,A,0,A,A,A,A,A,A,A,A,A,A,A,A,A,A,A,A,A,A,A,T,T,T,T,A,A,F,A,A,0,T,T,T,A,A,A,A,A,A,A,A,A,t,t,t,t,t,t,t,t,t,A,A,A,A,A,A,A,A,A,A,A,A,A,A,A,A,A,A,A,A,A,T,T,T,T,A,A,A,A,A,A,A,A,A,A,A,T,A,T,T,T,T,T,A,A,A,A,A,A,A,A,A,A,A,A,A,A,t,t,t,t,A,A,A,A,t,t,t,t,t,t,t,t,t,t,t,t,t,A,A,A,A,A,t,A,A,A,A,A,A,A,A,A,A,A,A,A,A,A,A,A,A,A,A,A,A,A,A,A,A,A,A,A,A,A,t
t,t,A,t,t,t,t,t,t,t,A,t,t,A,A,A,A,A,A,A,t,t,t,t,t,t,A,A,A,A,t,t,A,A,A,A,A,A,A,A,A,A,A,A,A,A,A,A,A,t,t,t,A,A,A,T,T,A,A,T,t,t,t,t,t,t,t,t,t,t,t,t,t,t,t,t,t,t,t,A,A,A,A,A,A,A,A,A,t,t,t,t,A,A,A,A,A,t,t,t,A,A,A,A,A,A,A,A,A,A,A,A,A,A,A,A,A,A,A,A,A,A,A,A,A,A,A,A,A,A,A,T,T,A,A,A,A,A,A,A,A,A,A,A,A,A,A,A,A,A,A,A,A,A,A,A,A,A,A,f,f,F,f,f,A,A,A,A,A,A,A,A,A,A,A,A,A,A,T,T,T,A,A,A,A,0,0,F,0,0,A,A,A,A,A,f,f,f,A,A,A,A,A,A,T,T,t,t,t,t,t,t,t,t,t,t,t,t,t,t,t,t,t,T,A,A,A,f,F,f,A,A,A,A,A,f,f,A,A,T,T,A,A,A,A,A,T,T,A,A,A,A,f,f,f,A,A,A,A,A,A,A,f,f,f,f,f,f,A,A,A,A,A,f,A,A,A,A,A,A,A,A,A,A,A,A,A,A,A,A,f,A,A,A,A,A,A,A,A,A,A,A,A,A,A,A,A,A,A,A,A,f,f,A,A,A,A,A,A,A,A,A,A,A,T,0,A,A,A,A,A,A,A,f,0,A,A,A,A,A,A,A,A,A,A,A,A,A,A,A,A,A,A,A,A,A,T,T,T,T,T,T,T,A,A,A,A,A,A,A,A,A,A,t,t,t,A,A,A,A,A,A,A,t,t,t,A,A,A,A,A,A,A,A,A,A,A,A,A,A,A,A,A,A,A,0,T,T,T,T,T,T,T,T,T,T,0,A,T,T,T,A,A,A,0,A,A,A,A,A,A,A,A,A,A,A,A,A,A,A,A,t,t,t,t,A,t,t,t,t,t,t,t,t,t,t,t,t,t,t,t,t,A,A,A,A,t,t,A,A,A,A,A,A,A,A,A,A,A,A,A,A,A,A,A,A,A,A,A,A,A,A,A,A,A,A,A,A,A,t
A,t,t,t,t,t,t,t,t,t,t,t,t,A,A,A,A,A,A,A,A,t,t,t,A,A,A,A,A,A,t,t,A,A,A,A,A,A,A,A,A,A,A,A,A,t,t,t,t,A,A,A,A,A,A,A,T,T,T,T,A,t,t,t,t,t,t,t,t,t,t,t,t,t,t,t,t,t,t,A,A,A,A,A,A,A,A,A,t,t,t,A,A,A,A,A,A,A,t,t,A,A,A,A,A,A,A,A,A,A,A,A,A,A,A,A,A,A,A,A,A,A,A,A,A,A,A,A,A,A,A,A,T,T,A,A,A,A,A,A,A,A,A,A,A,A,A,A,A,A,A,A,A,A,A,A,A,A,A,f,f,F,f,f,A,A,A,A,A,A,A,A,A,A,A,A,A,A,T,A,T,T,A,A,A,A,0,F,0,A,A,A,A,A,f,f,0,f,A,A,A,A,A,T,T,t,t,t,t,t,t,t,t,t,t,t,t,t,t,t,t,t,t,T,T,A,A,A,F,F,A,A,A,A,f,f,f,A,A,T,A,A,A,A,A,T,T,T,T,A,A,A,f,F,f,A,A,A,A,A,A,A,f,f,f,F,f,f,A,A,A,A,f,f,f,A,A,A,A,A,A,A,A,A,A,A,A,A,A,f,f,A,A,A,A,A,A,A,A,A,A,A,A,A,A,A,A,A,A,A,A,f,f,f,A,A,A,A,A,A,A,A,A,T,T,A,A,A,A,A,A,A,0,f,f,A,A,A,A,A,A,A,A,A,A,A,A,A,A,A,A,A,A,A,A,A,A,A,A,t,A,A,A,A,A,A,A,A,A,A,A,A,t,t,A,A,A,A,A,A,A,A,A,A,A,t,t,A,A,A,A,A,A,A,A,A,A,A,A,A,A,A,A,A,A,A,A,A,A,A,A,A,A,A,A,T,T,T,T,A,A,A,A,A,A,A,A,t,t,t,t,t,t,t,t,t,t,t,t,t,t,t,t,t,t,t,t,t,t,t,t,t,t,t,t,t,t,t,t,t,t,t,A,A,A,A,t,t,t,t,t,t,A,A,A,A,A,A,A,A,A,A,A,A,A,A,A,A,A,A,A,A,A,A,A,A,A,A,A,t
A,t,t,t,t,t,t,A,t,t,t,t,t,A,A,A,A,A,A,A,t,t,t,A,A,A,A,A,t,t,t,A,A,A,A,A,A,A,A,A,A,A,t,t,t,t,t,t,t,t,A,A,A,A,A,A,A,A,A,A,t,t,t,t,t,t,t,t,t,t,t,t,t,t,t,t,t,A,A,A,A,A,A,A,A,A,A,t,t,t,t,A,A,A,A,A,A,A,A,t,A,A,A,t,t,t,t,A,A,A,A,A,A,A,A,A,A,A,A,A,A,A,A,A,A,A,A,A,A,A,A,A,A,T,A,A,A,A,A,A,A,A,A,A,A,A,A,A,A,A,A,A,A,A,A,A,A,A,A,A,A,F,A,A,A,A,A,A,A,A,A,A,A,A,A,A,A,A,A,A,0,T,A,A,A,A,A,F,A,A,A,A,A,A,f,f,F,f,f,A,A,A,T,T,t,t,t,t,t,t,t,t,t,t,t,t,t,t,t,t,t,t,t,t,T,T,A,A,F,A,A,A,A,f,f,F,f,A,A,T,T,T,T,T,T,T,A,T,T,A,A,f,f,F,f,f,A,A,A,A,A,A,f,f,f,F,f,f,A,A,A,A,f,F,f,A,A,A,A,A,A,A,A,A,A,A,A,A,f,f,f,f,A,A,A,A,A,A,A,A,A,A,A,A,A,A,A,A,A,A,0,f,F,f,f,A,A,A,A,A,A,A,A,T,A,A,A,A,A,A,A,f,f,F,f,A,A,A,A,A,A,A,A,A,A,A,A,A,A,A,A,A,A,A,A,A,A,A,A,t,A,A,A,A,A,A,A,A,A,A,A,t,t,A,A,A,A,A,A,A,A,A,A,A,A,A,A,t,A,A,A,A,A,A,A,A,A,A,A,A,A,A,A,A,A,A,A,A,A,A,A,A,A,A,A,A,A,A,t,A,A,A,A,A,t,t,t,A,A,A,A,t,t,t,t,t,A,A,A,A,A,A,A,t,t,t,t,t,t,t,t,t,t,t,t,t,t,t,t,t,t,t,t,t,A,t,t,t,t,t,t,t,t,t,t,t,t,t,t,t,t,t,t,t,A,A,A,A,A,A,A,A,A,A,A,A,A,A,A,t
t,t,t,t,t,t,t,t,t,t,A,t,t,A,A,A,A,A,A,t,t,t,A,A,A,A,A,A,t,t,t,t,A,A,A,A,A,A,t,t,t,t,t,t,t,t,t,t,t,t,A,A,A,A,A,A,A,A,A,A,A,t,t,t,t,t,t,t,t,t,t,t,t,t,t,A,A,A,A,A,A,A,A,A,A,A,t,t,t,t,A,A,A,A,A,A,A,A,t,t,A,A,A,t,t,t,A,t,t,t,t,t,t,t,A,t,t,t,t,t,A,A,A,A,A,A,t,t,t,t,A,A,A,T,A,A,A,A,A,A,A,A,A,A,A,A,A,A,A,A,A,A,A,A,A,A,A,A,A,A,A,F,A,A,A,A,A,A,A,A,A,A,A,A,A,A,A,A,A,A,A,T,T,T,T,0,0,0,T,T,A,A,A,A,A,f,F,f,f,A,A,t,t,A,t,t,t,t,t,t,t,t,t,t,t,t,t,t,t,t,t,t,t,t,t,T,T,T,T,T,A,A,A,A,f,F,f,f,A,T,A,A,A,A,A,A,T,T,T,T,A,A,A,F,A,A,A,A,A,A,A,A,A,A,A,F,f,A,A,A,A,f,f,F,f,f,A,A,A,A,A,A,A,A,A,A,A,f,f,f,f,f,f,A,A,A,A,A,A,A,A,A,A,A,A,A,A,A,A,A,A,f,F,f,A,A,A,A,A,A,A,A,A,T,A,A,A,A,A,A,A,A,f,F,f,f,A,A,A,A,A,A,A,A,A,A,A,A,A,A,A,A,A,A,A,A,A,A,t,A,A,A,A,A,A,A,A,A,A,A,t,A,A,A,A,A,A,A,A,A,A,A,A,A,A,A,A,A,t,t,A,A,A,A,A,t,t,t,t,t,t,t,t,A,A,A,A,A,A,A,A,A,A,A,A,A,t,t,t,t,t,t,t,t,t,t,t,t,t,t,t,t,A,A,A,A,A,A,A,A,A,A,A,t,A,t,t,t,t,t,t,t,t,t,t,t,t,t,t,A,t,t,t,t,A,t,t,t,t,t,t,t,t,t,t,t,t,t,t,t,t,t,t,t,t,t,A,A,A,A,A,A,A,A,A,A,A,A,A,t
t,t,A,t,t,t,t,t,A,t,t,A,A,A,t,t,t,t,t,t,t,t,t,t,t,t,t,t,t,A,A,t,t,t,t,t,t,t,t,A,t,t,t,t,t,t,t,t,t,A,A,A,A,t,t,t,t,t,t,t,t,t,t,A,A,t,t,t,t,t,t,t,t,t,t,A,A,A,A,A,A,A,A,A,A,A,t,t,t,t,A,t,t,t,t,A,A,A,t,t,A,A,A,A,A,t,A,A,A,t,t,A,A,t,A,A,t,t,t,t,t,t,t,t,t,t,t,t,t,t,t,t,A,T,T,A,A,A,A,A,f,A,A,A,A,A,A,A,A,A,A,A,A,A,A,A,A,A,A,A,T,T,T,T,T,T,T,A,A,A,A,A,A,A,A,A,A,A,A,A,A,A,A,A,T,T,A,A,A,T,T,T,A,A,A,A,F,A,A,A,A,t,t,t,t,t,t,t,t,t,t,t,t,t,t,t,t,t,t,t,t,t,t,t,t,t,A,A,A,T,T,T,T,T,A,F,A,A,A,T,A,A,A,A,A,A,A,T,A,A,T,T,T,T,T,T,T,T,A,A,A,A,A,A,A,F,A,A,A,A,0,A,A,F,A,A,A,A,A,A,A,A,A,A,A,A,f,f,f,F,f,f,f,A,A,A,A,A,A,A,A,A,A,A,A,A,A,A,A,A,A,A,F,A,A,A,A,A,T,A,A,A,A,0,A,A,A,A,A,A,A,A,A,F,A,A,A,A,A,A,A,A,A,A,A,A,A,A,A,A,A,A,A,A,A,A,A,t,t,A,A,A,A,A,A,A,A,A,A,t,A,A,A,A,A,A,A,A,A,A,A,A,A,A,A,A,A,A,A,t,t,A,A,A,t,A,A,A,A,A,A,A,A,t,t,A,A,A,A,A,A,A,A,A,A,A,t,t,t,t,t,t,t,t,t,t,t,t,t,A,A,t,A,A,A,A,A,A,A,A,A,A,t,t,t,t,t,t,t,t,t,t,t,t,t,t,t,t,t,t,t,t,t,t,t,t,t,t,t,t,t,t,t,t,t,t,t,t,t,t,t,t,t,t,t,t,t,A,A,A,A,A,A,A,A,A,A,A,A,t
A,t,t,A,t,t,t,t,t,t,t,t,t,t,t,A,A,A,t,t,t,t,t,t,t,t,A,t,t,t,t,t,A,t,t,t,t,t,t,t,t,t,t,t,t,t,t,t,t,t,t,t,t,A,A,A,A,t,t,t,t,t,t,t,t,t,t,t,t,t,t,t,t,t,t,A,A,A,A,A,A,A,A,A,A,t,t,t,t,t,t,t,t,t,A,A,A,A,t,t,A,A,A,A,A,t,A,A,A,t,A,A,A,t,A,t,t,A,A,t,A,A,t,t,t,t,t,t,t,t,t,t,A,A,T,A,A,A,f,f,f,A,A,A,f,f,f,A,A,A,A,A,A,A,A,A,A,A,T,T,T,A,A,A,A,A,T,T,T,T,T,T,T,T,A,A,A,A,A,A,A,A,A,A,A,A,A,A,A,A,A,T,T,T,A,A,T,T,A,T,T,t,t,t,t,t,t,t,t,t,t,t,t,t,t,t,t,t,t,t,t,t,A,A,A,A,t,t,t,t,t,t,A,T,T,T,T,T,T,T,T,T,T,T,T,T,T,T,A,A,t,A,A,A,A,A,A,T,T,T,T,T,T,T,T,T,T,T,T,T,T,T,T,F,T,T,T,T,T,T,T,T,T,T,A,A,A,f,f,F,A,A,A,A,A,A,A,A,f,A,A,A,A,A,A,A,A,T,T,T,T,T,T,T,T,T,T,T,T,T,T,A,A,A,A,A,A,A,A,A,A,T,T,T,T,T,T,A,A,A,A,A,A,A,A,A,A,A,A,A,0,T,T,T,T,A,A,t,A,A,A,A,A,A,A,A,A,A,t,t,A,A,A,A,A,A,A,t,t,t,t,t,t,t,t,t,t,t,t,t,t,t,t,t,t,t,t,A,t,t,t,t,t,t,t,t,t,t,A,A,A,A,A,A,A,t,t,t,t,t,t,A,A,A,A,A,t,t,t,t,t,t,t,A,A,A,A,A,A,A,A,A,t,t,t,t,t,t,t,t,t,t,t,t,t,t,t,A,A,t,t,t,t,t,t,t,t,t,t,t,t,t,t,t,t,t,t,t,t,t,t,t,t,t,t,t,t,t,A,A,A,A,A,A,A,A,A,A,A,t
t,A,A,t,t,t,A,t,t,t,t,t,t,t,A,A,t,t,t,t,t,t,t,t,t,t,t,A,A,A,t,t,t,t,A,A,A,A,A,A,A,A,A,A,A,A,t,t,t,A,A,A,A,A,A,t,t,t,A,A,A,A,A,A,t,t,t,t,t,t,t,t,t,t,t,A,A,A,A,A,A,A,A,A,A,t,t,A,A,t,t,A,t,t,t,t,t,A,t,t,A,A,A,A,A,t,t,A,A,A,A,A,A,t,t,t,A,t,t,t,A,t,t,t,t,t,t,t,A,t,t,A,A,A,T,A,A,f,f,f,f,A,A,f,f,f,f,f,A,A,A,A,A,A,A,A,A,T,T,0,A,A,A,A,A,A,A,A,A,A,A,A,A,A,A,A,A,f,A,A,A,A,A,A,A,A,A,A,A,A,A,A,A,T,T,T,T,T,T,T,t,t,t,t,t,t,t,t,t,t,t,t,t,t,t,t,t,t,t,A,A,A,t,t,t,t,A,t,t,t,t,A,A,A,A,T,T,T,T,A,A,t,t,A,A,A,A,A,A,A,t,A,A,A,A,A,A,A,A,A,A,t,A,A,A,A,A,A,A,A,A,t,t,T,T,A,A,A,0,0,A,A,A,T,A,A,A,A,A,F,A,A,A,A,A,A,A,f,f,f,A,A,A,A,T,T,T,T,A,A,A,A,A,A,A,A,A,A,A,T,T,T,A,A,A,A,A,A,A,T,T,T,A,A,A,A,T,T,A,A,A,A,A,A,A,A,A,A,T,T,T,T,A,A,A,A,t,t,A,A,A,A,A,A,A,A,A,t,t,t,t,t,t,t,t,t,t,A,A,A,A,A,A,A,A,A,A,A,A,A,t,t,t,t,t,t,t,t,t,t,t,t,t,t,t,t,t,t,t,t,t,A,A,A,A,t,A,t,t,A,A,A,A,A,A,A,t,t,t,t,t,t,t,A,A,A,A,A,A,A,A,t,t,t,t,t,t,t,t,t,t,t,t,t,A,A,A,A,A,t,t,t,t,t,t,t,A,A,A,A,A,t,t,t,t,t,t,t,t,t,t,t,t,t,t,t,t,t,t,t,t,A,A,A,A,A,A,A,A,t
A,A,t,t,t,t,t,t,t,t,t,t,A,t,t,t,A,t,t,t,t,t,A,A,A,t,t,t,t,t,t,t,t,t,t,t,t,t,t,A,A,A,A,A,A,t,t,t,A,A,A,t,t,t,t,t,t,t,A,A,t,t,t,t,t,t,t,t,t,t,t,t,t,t,t,A,A,A,A,A,A,t,t,t,t,t,t,t,t,t,t,t,t,t,t,t,A,A,t,t,A,A,t,t,t,t,t,A,A,A,A,A,A,t,t,A,t,t,A,A,t,t,t,t,t,t,t,t,t,t,A,A,A,A,T,T,A,f,f,F,f,A,A,f,f,F,f,f,A,A,A,A,A,A,A,A,A,T,A,A,A,A,A,A,A,A,A,A,A,A,A,A,A,A,A,A,f,f,f,A,A,A,A,A,A,A,A,A,A,A,A,A,A,A,A,A,T,T,A,A,t,t,t,t,t,t,t,t,t,t,t,t,t,t,t,t,t,A,A,A,A,A,t,t,t,t,t,t,t,t,A,A,A,A,A,A,T,t,t,t,t,t,A,A,A,A,A,A,A,t,A,A,A,A,A,A,A,A,A,t,t,t,A,A,A,A,A,A,A,t,t,t,A,A,A,A,A,A,A,A,A,A,A,T,T,A,A,A,A,F,A,A,A,A,A,A,f,f,f,f,0,A,A,A,T,t,A,A,A,A,A,A,A,A,A,A,A,A,A,A,0,T,T,A,A,A,A,A,A,T,0,A,A,A,A,A,A,T,T,A,A,A,A,A,A,A,A,T,T,A,A,A,A,A,A,t,t,A,A,A,A,A,A,A,A,A,t,t,t,t,t,t,t,t,t,t,t,t,t,t,t,t,t,t,t,t,t,t,t,t,A,A,A,t,t,t,t,t,A,A,t,t,t,t,t,t,t,t,t,t,t,t,A,A,t,t,t,t,t,t,t,t,A,A,A,A,t,t,t,t,t,t,t,t,A,A,A,A,A,A,t,t,t,t,t,t,t,t,t,t,t,t,t,t,A,A,A,A,A,t,t,t,t,t,t,A,A,A,A,A,A,A,t,t,t,t,t,t,t,t,t,t,t,t,t,t,t,t,t,t,t,t,A,A,A,A,A,A,A,t
t,t,A,A,t,t,t,t,t,A,A,t,t,A,A,t,t,t,A,A,A,A,A,A,t,t,t,A,A,A,A,A,A,A,A,A,A,A,t,A,A,A,A,A,A,t,t,t,A,t,t,t,t,t,t,t,t,t,t,t,t,t,t,t,t,t,t,t,t,t,t,t,t,t,t,A,A,A,A,A,A,A,A,A,A,t,t,t,A,t,t,t,t,A,A,A,A,A,t,t,A,t,t,A,A,A,A,A,A,A,A,A,A,A,A,A,A,t,t,t,t,t,t,t,t,t,t,t,t,t,t,t,t,t,A,T,A,A,f,F,f,A,A,A,f,F,A,A,A,A,A,A,A,A,A,A,T,T,A,A,A,A,A,A,A,A,A,A,A,A,A,A,A,A,A,f,f,0,f,f,A,A,A,A,A,A,A,A,A,A,A,A,A,A,A,A,A,A,A,t,t,t,t,t,t,t,t,t,t,t,t,t,t,t,t,A,A,A,A,A,A,t,t,A,t,t,t,t,t,t,t,A,A,A,A,A,A,t,t,t,A,A,A,A,A,A,A,A,A,t,A,A,A,A,A,A,A,t,t,t,t,A,A,A,A,A,A,A,t,t,A,A,A,A,A,A,A,A,A,A,A,t,t,A,T,T,T,T,T,T,T,A,A,A,A,A,A,f,f,f,A,A,A,A,T,t,t,A,A,A,A,A,A,A,A,A,A,A,A,A,t,A,T,T,T,A,A,A,T,t,A,A,A,A,A,A,A,A,T,T,0,A,A,A,A,A,T,T,A,A,A,A,A,A,A,t,A,A,A,A,A,A,A,A,t,t,t,A,t,t,A,A,A,A,A,t,A,A,A,A,t,t,A,A,A,A,A,A,t,A,t,t,t,t,A,A,A,A,t,t,t,t,t,t,t,t,t,t,t,t,t,t,t,A,t,t,A,A,t,t,A,t,t,A,A,A,t,t,t,t,t,t,t,t,t,A,A,A,A,t,t,t,t,t,t,t,t,t,t,t,t,t,t,t,A,A,A,A,t,t,t,t,t,t,t,A,A,A,A,A,A,A,A,t,t,t,t,t,t,t,t,t,t,t,t,t,t,t,t,t,t,t,t,t,A,A,A,A,A,t
A,A,A,t,t,t,t,t,t,t,t,A,A,A,t,t,A,A,A,A,A,A,A,t,t,t,t,t,t,t,A,A,A,A,A,A,t,t,A,A,A,A,A,A,A,t,t,A,t,t,t,t,t,A,A,A,t,t,t,t,t,t,t,t,t,t,t,t,t,t,t,t,t,t,t,t,A,A,A,A,A,A,A,A,t,t,t,t,t,A,A,A,A,A,A,A,t,t,t,t,t,t,t,t,t,t,t,A,t,t,t,t,t,A,t,t,t,t,t,t,t,t,t,t,t,t,t,t,t,t,t,t,t,t,t,t,t,T,T,F,A,A,A,A,A,F,A,A,A,A,A,A,A,A,A,A,T,A,A,A,A,A,A,A,A,A,A,A,A,A,A,A,A,A,A,f,f,F,f,f,A,A,A,A,A,A,A,A,A,A,A,A,A,A,A,A,A,t,t,t,t,t,t,t,t,t,t,t,t,t,t,t,t,t,A,A,A,A,A,A,t,t,t,t,t,t,t,A,t,t,t,t,t,A,A,A,A,t,t,t,A,A,A,A,A,A,A,A,t,t,A,A,A,A,t,t,t,t,t,t,t,A,A,A,A,A,t,t,A,A,A,A,A,A,A,A,A,A,A,A,A,t,t,t,t,t,t,t,t,t,T,T,T,A,A,A,A,A,F,f,f,A,A,A,T,A,t,t,A,A,A,A,A,A,A,A,A,A,t,t,A,A,A,0,T,T,T,T,T,t,t,A,A,A,A,A,A,A,A,T,T,T,A,A,A,A,T,A,A,A,A,A,A,A,t,t,A,A,A,A,A,A,t,t,A,A,t,A,t,A,A,A,A,A,A,t,A,A,A,A,A,A,t,t,t,A,t,t,t,t,A,A,A,A,t,t,t,A,A,A,t,t,t,t,t,t,t,t,t,t,t,t,t,t,t,A,A,A,A,t,A,A,A,t,t,A,t,t,t,t,t,t,t,t,t,t,A,t,t,t,t,t,t,t,t,t,t,t,t,t,t,t,t,t,A,A,A,A,t,t,t,t,t,t,t,A,A,A,A,A,A,A,A,A,t,t,t,t,t,t,t,t,t,t,t,t,t,t,t,t,t,t,t,t,A,A,A,A,A,t
A,A,A,t,A,t,t,t,A,A,A,t,t,t,A,A,A,A,A,A,A,A,t,t,t,t,t,t,A,A,A,A,A,A,t,t,A,A,A,A,A,A,A,A,t,t,t,A,A,A,A,A,A,A,A,A,A,A,A,t,t,t,t,t,t,t,t,t,t,t,t,t,t,t,t,t,A,A,A,A,A,A,t,t,t,t,t,A,A,A,A,A,A,A,A,A,t,t,A,A,t,t,t,t,t,t,t,t,t,t,t,t,t,t,t,t,t,t,t,t,t,t,t,t,t,t,t,t,t,t,t,t,t,t,t,t,t,t,t,t,T,T,T,T,T,T,T,T,T,T,T,T,T,T,T,T,T,A,A,A,A,A,A,A,A,A,A,A,t,t,A,A,A,A,A,A,f,F,f,A,A,A,A,A,A,A,A,A,A,A,A,A,A,A,A,t,t,t,t,t,t,t,t,t,t,t,t,t,t,t,t,t,t,t,t,A,A,t,t,t,t,A,t,t,t,A,A,A,A,t,t,t,t,t,A,A,A,t,t,A,t,t,A,A,A,A,A,A,t,A,A,A,t,t,t,A,A,A,t,t,t,A,A,A,A,t,t,A,A,A,A,A,A,A,A,A,A,A,A,A,A,t,t,t,t,t,t,t,t,t,t,t,T,T,T,T,T,T,T,T,T,T,T,T,T,t,t,t,t,A,A,A,A,A,A,A,t,t,t,A,A,A,A,A,A,T,T,T,A,A,t,t,t,A,A,A,A,A,A,A,A,T,T,A,0,T,T,A,A,A,A,A,A,A,t,A,A,A,A,A,A,t,A,A,A,t,A,A,t,A,A,A,A,A,A,t,t,t,t,t,t,t,t,t,t,t,t,t,t,t,t,t,t,t,t,t,t,t,t,t,t,t,t,t,t,t,t,t,t,t,t,t,t,t,t,A,A,A,A,t,t,A,A,A,t,t,t,t,t,t,t,t,t,t,t,t,t,t,t,t,t,t,t,t,t,t,t,t,t,t,t,t,t,t,A,A,A,t,t,t,t,t,t,t,A,A,A,A,A,A,A,A,A,A,A,t,t,t,t,t,t,t,t,t,t,t,t,t,t,t,t,t,t,t,A,A,A,A,A,t
A,A,t,t,t,t,t,A,t,t,t,A,A,A,A,A,A,A,A,A,A,t,t,t,t,t,t,A,A,A,A,A,A,t,A,A,t,t,t,t,t,t,t,t,A,t,t,A,A,A,A,A,t,t,t,t,t,t,t,t,t,t,t,t,t,t,t,t,t,t,t,t,t,t,t,t,A,A,A,A,A,A,t,t,t,t,t,t,t,t,t,t,t,t,t,t,t,t,t,t,t,t,t,A,t,t,t,t,t,t,t,t,t,t,t,t,t,t,A,A,A,t,t,t,t,t,t,t,t,t,A,t,A,A,A,A,T,A,A,A,A,A,A,A,A,t,A,A,A,A,A,T,T,A,A,A,A,A,A,A,A,A,A,A,A,A,t,t,t,T,T,A,A,A,A,A,A,F,A,A,A,A,A,A,A,A,0,0,0,0,0,0,0,t,t,t,t,t,t,t,t,t,t,t,t,t,t,t,t,t,t,t,A,t,t,t,t,t,t,A,t,t,t,t,A,A,A,A,A,A,t,t,t,t,A,A,t,t,t,A,A,t,t,t,t,t,t,t,t,t,A,t,t,A,A,A,A,A,A,t,t,A,A,t,t,A,A,A,A,A,A,A,A,A,A,A,A,A,A,A,t,t,t,t,t,t,t,t,t,t,t,t,t,t,t,t,t,t,t,t,t,t,t,t,t,t,t,t,t,t,A,A,A,A,t,t,t,A,A,A,A,A,A,A,A,A,A,A,A,A,A,A,t,A,A,A,A,A,A,A,A,A,T,T,T,T,A,A,A,A,A,A,A,t,A,A,A,A,A,A,t,A,A,A,A,t,A,A,t,t,t,t,t,t,t,t,t,t,t,t,t,t,t,t,t,t,t,t,t,t,t,t,t,t,t,t,t,t,t,t,t,t,t,t,t,t,t,t,t,t,t,t,t,t,A,A,A,A,A,A,t,A,A,A,A,t,t,A,A,A,t,t,t,t,t,t,t,t,t,t,t,t,t,t,t,t,t,t,t,t,t,t,t,t,A,A,A,t,t,t,t,t,t,t,A,A,A,A,A,A,t,t,t,A,A,A,t,t,t,t,t,t,t,t,t,t,t,t,t,t,t,t,t,t,t,A,A,A,A,t
t,A,t,t,t,t,t,t,A,A,A,A,A,A,A,A,A,A,A,A,t,t,t,t,t,t,A,A,A,A,A,t,t,t,t,t,A,A,A,A,A,A,A,A,A,A,A,t,t,t,t,t,A,A,A,A,t,t,t,t,A,t,t,t,t,t,t,t,t,t,t,t,t,t,t,t,A,A,A,A,A,A,A,t,t,t,t,t,t,t,t,t,t,t,t,t,t,A,A,A,A,A,A,t,t,t,t,t,t,t,t,t,t,t,t,t,t,t,t,t,t,t,t,t,t,t,t,t,t,t,t,t,t,t,t,A,A,A,A,A,A,A,A,A,A,t,t,A,A,A,A,A,A,A,A,A,A,A,A,A,A,A,A,A,t,t,t,A,A,A,T,T,T,T,A,A,A,F,A,A,A,A,A,A,A,0,0,A,A,A,A,A,A,A,A,A,t,t,t,t,A,A,A,t,t,t,t,t,t,t,A,A,A,A,t,t,t,t,t,t,t,t,A,A,A,A,A,A,A,A,A,t,t,t,t,A,t,t,t,t,t,t,A,A,A,t,t,t,A,t,t,t,t,t,t,A,A,A,A,t,t,t,t,t,A,A,A,A,A,A,A,A,A,A,A,A,A,A,A,t,t,t,t,t,t,t,t,t,t,t,t,t,A,t,t,t,t,t,t,t,t,t,t,t,t,t,t,t,t,t,A,A,A,t,t,A,A,A,A,A,A,A,A,A,A,A,A,A,A,A,A,A,A,t,t,A,A,A,A,A,A,A,A,A,A,A,A,A,A,A,A,A,t,t,A,A,A,A,A,A,t,A,A,A,t,t,t,t,A,t,A,A,A,A,t,A,A,t,t,t,t,t,t,t,A,A,A,A,A,A,A,t,t,t,t,t,t,t,A,A,A,A,A,A,t,t,t,t,t,t,t,t,t,A,A,A,A,A,A,A,t,t,A,A,A,t,t,A,A,A,A,t,t,t,t,t,t,t,t,t,t,t,t,t,t,A,t,t,A,A,t,t,t,t,A,A,t,t,t,t,t,t,t,A,A,A,A,A,A,A,A,A,t,t,A,A,A,t,t,t,t,t,t,t,t,t,t,t,t,t,t,t,t,t,t,A,A,A,A,t
A,A,t,t,t,t,A,A,A,A,A,A,t,A,A,A,A,A,A,t,t,t,t,t,t,t,A,A,A,A,A,t,A,A,A,A,A,A,A,t,t,t,t,t,t,t,t,t,t,t,t,t,t,t,t,t,t,t,A,t,A,A,A,t,t,t,t,t,t,t,t,t,t,t,t,t,t,A,t,t,t,t,t,t,A,A,A,A,A,A,A,A,A,A,A,A,A,A,A,A,A,A,A,A,A,A,t,t,t,t,A,A,A,A,A,A,A,t,t,t,t,t,t,t,t,t,t,t,t,t,t,t,t,t,t,t,t,t,t,t,t,t,t,t,t,t,t,t,A,A,A,A,A,A,A,A,A,A,A,A,A,A,t,t,t,A,A,A,A,A,A,A,0,t,T,T,T,T,T,T,T,T,T,T,T,0,A,A,A,A,A,A,A,A,A,A,A,A,A,A,t,t,t,t,t,t,t,t,t,t,t,t,t,t,t,t,t,t,t,t,t,t,t,t,t,t,t,t,t,t,t,t,t,t,t,t,t,t,t,t,t,t,t,t,t,t,t,t,t,t,t,t,t,t,t,t,t,t,t,t,t,A,A,A,A,A,A,A,A,A,A,A,A,A,A,A,A,A,A,t,t,t,t,t,t,t,t,t,t,t,t,t,t,t,t,t,t,t,t,t,t,t,t,t,t,t,t,t,t,t,t,A,t,t,A,A,A,A,A,A,A,A,A,A,A,A,A,A,A,A,A,A,A,A,t,A,A,A,A,A,A,A,A,A,A,A,A,A,A,t,t,t,t,A,A,A,A,A,A,t,A,t,t,t,A,t,A,A,A,t,t,t,t,t,t,t,t,t,A,t,A,t,A,A,A,A,A,A,A,A,A,A,A,A,A,A,A,A,t,t,t,t,t,t,t,t,t,t,t,t,t,t,t,t,t,t,t,t,t,t,t,t,A,A,A,A,t,A,A,A,A,A,t,t,t,t,t,t,t,t,t,t,t,t,A,A,A,A,A,A,t,t,t,t,t,A,t,t,t,t,t,t,A,A,A,A,A,A,A,A,A,A,A,A,t,A,A,A,t,t,t,t,t,t,t,t,t,t,t,t,t,t,t,t,t,A,A,A,A,t
A,t,t,t,t,A,A,A,A,t,t,t,t,A,A,A,A,A,t,t,t,t,t,t,t,A,A,A,A,t,t,t,t,t,t,t,t,t,t,A,A,t,t,t,t,t,t,t,t,t,t,t,t,t,t,A,t,t,t,t,A,A,A,A,t,t,t,t,t,t,t,t,t,t,t,t,t,t,t,t,t,t,t,t,t,t,t,t,t,t,t,t,t,t,t,t,t,t,t,A,A,A,A,A,A,A,A,A,A,t,t,t,t,t,t,t,t,t,t,t,t,t,t,t,t,t,t,t,t,t,A,t,t,t,t,t,t,t,t,t,t,t,t,t,t,t,t,t,A,A,A,A,A,A,A,A,A,A,A,A,t,t,t,A,A,A,A,A,t,t,t,t,t,t,t,t,t,A,A,A,A,A,A,A,T,T,A,A,A,A,A,A,A,A,A,A,A,t,t,t,t,t,t,t,t,t,t,t,t,t,t,t,t,t,t,t,t,t,A,t,t,t,A,A,A,A,A,A,A,A,A,A,A,A,t,A,A,A,A,A,A,A,A,A,A,A,t,t,t,A,A,A,A,t,t,t,t,t,t,t,t,t,A,A,A,A,A,A,A,A,A,A,A,A,A,A,A,A,t,t,t,t,t,t,t,t,t,t,t,t,t,A,A,A,A,A,A,t,t,t,t,t,t,t,t,t,t,t,t,t,t,t,t,t,t,t,t,t,t,t,t,t,t,t,t,t,t,t,t,t,t,t,t,t,t,t,t,t,t,t,t,t,t,t,t,t,t,t,t,t,t,t,t,t,t,t,t,t,t,t,t,t,t,t,t,t,t,t,t,t,t,t,t,t,t,t,t,t,t,t,t,t,t,t,t,t,t,t,t,t,t,t,t,t,t,t,t,t,t,t,t,t,t,t,t,t,t,t,t,t,t,t,t,t,t,t,t,t,t,t,t,t,t,t,t,t,t,t,t,t,t,t,t,t,t,t,t,t,t,t,t,t,t,A,A,A,A,A,A,A,A,t,t,t,t,t,t,t,t,t,t,A,A,A,A,A,A,A,A,A,A,A,A,A,t,A,A,A,A,t,t,t,t,t,t,t,t,t,t,t,t,t,t,t,t,A,A,A,A,t
t,t,t,A,A,A,t,t,t,A,t,t,t,t,t,t,A,A,t,t,t,t,A,A,A,t,t,t,t,A,A,A,A,A,A,A,A,A,t,t,t,t,t,t,t,t,t,t,t,t,t,t,t,t,t,t,t,t,A,A,A,A,A,A,A,t,t,t,t,t,t,t,t,t,t,t,t,t,t,t,t,A,t,A,A,A,A,t,t,t,t,t,t,t,t,t,t,A,A,A,A,A,A,A,A,A,A,A,A,A,A,t,t,A,A,A,A,t,t,t,t,t,t,t,t,t,t,t,t,t,t,t,t,t,t,t,t,t,t,t,t,t,t,t,t,t,A,t,A,A,A,A,A,A,A,A,A,A,t,t,A,t,t,A,A,t,t,t,t,A,A,A,t,t,A,A,A,A,A,A,A,t,A,A,A,A,A,A,A,A,A,A,A,A,t,t,t,t,t,t,t,t,t,t,t,t,t,t,t,A,A,A,A,t,t,t,t,t,t,t,t,t,A,A,A,A,A,A,A,A,A,A,t,t,t,t,t,t,t,t,t,t,t,t,t,t,t,t,t,t,t,t,t,t,t,t,t,t,t,t,t,t,t,t,t,t,A,A,A,A,A,A,A,A,A,A,A,t,t,t,t,t,t,t,t,t,t,t,t,A,A,A,A,A,A,A,t,t,t,t,t,t,t,t,t,t,t,t,t,t,t,t,t,t,t,t,t,t,t,t,t,t,t,t,t,t,t,t,t,t,t,t,t,t,t,t,t,t,t,A,t,t,t,t,t,t,t,t,t,t,t,t,t,t,t,t,t,t,t,t,t,t,t,t,t,t,t,t,t,t,t,t,t,t,t,t,t,A,A,t,A,t,A,t,t,t,t,t,t,t,t,t,t,t,t,t,t,t,t,t,t,t,t,t,t,A,A,t,t,t,t,t,t,t,t,t,t,t,t,t,t,t,t,t,t,t,t,t,t,t,t,t,t,A,A,A,A,A,A,t,t,t,A,A,A,A,A,A,A,A,A,A,t,t,t,t,A,t,t,t,t,A,A,A,A,A,A,A,A,A,A,A,A,A,A,t,A,A,A,A,t,t,t,t,t,t,t,t,t,t,t,t,t,t,t,t,A,A,A,t
t,t,t,t,t,t,t,t,t,t,t,t,t,t,t,t,t,t,t,t,t,t,t,t,t,t,t,t,t,t,A,A,A,A,A,t,t,t,t,t,t,t,A,A,A,A,t,t,t,t,A,t,t,t,t,t,A,A,A,A,A,A,A,A,A,A,t,t,t,t,t,t,t,t,t,t,t,t,t,t,t,A,t,t,t,t,t,A,A,A,A,A,A,A,A,A,A,t,t,t,t,t,t,t,t,t,t,t,t,t,t,t,t,t,t,t,t,t,t,t,t,t,t,t,t,t,t,t,t,t,t,t,t,t,t,A,t,t,t,t,A,A,A,A,A,t,t,A,t,A,A,A,A,t,t,t,t,t,t,A,A,A,A,t,t,t,A,A,A,A,A,t,t,A,A,A,t,t,t,t,t,t,t,t,t,t,A,A,A,A,A,A,t,t,A,t,t,t,t,t,t,A,A,A,A,A,A,A,A,A,A,A,t,t,t,A,A,t,t,t,t,t,t,A,A,A,A,A,A,A,t,t,t,t,t,t,t,t,t,t,t,t,t,t,t,t,t,t,t,t,t,t,t,t,A,A,A,A,A,A,A,A,A,A,A,A,t,t,t,t,t,t,t,t,A,t,t,t,t,t,t,t,t,t,t,t,t,t,t,t,t,t,t,t,t,t,A,A,A,A,A,A,A,A,A,A,A,A,A,A,t,t,A,A,t,t,t,t,t,t,t,t,t,t,t,t,t,t,t,t,t,t,t,t,t,t,t,t,t,t,t,t,t,t,t,t,t,t,t,t,t,t,t,t,t,t,t,t,t,t,t,t,t,t,t,t,t,t,t,t,t,t,t,t,t,t,t,t,t,t,t,t,t,t,t,t,t,t,t,t,t,t,t,t,t,t,t,t,t,t,t,t,t,t,t,t,t,t,t,t,t,t,t,t,t,t,t,t,t,t,t,t,t,t,t,t,t,t,t,t,t,t,t,t,t,t,t,t,t,t,t,A,A,A,A,A,A,A,A,A,A,A,A,t,t,t,t,t,t,t,A,A,A,A,A,A,A,A,A,A,A,A,A,A,A,t,A,A,A,A,A,t,t,t,t,t,t,t,t,t,t,t,t,t,t,t,A,A,A,t
t,t,t,t,t,t,t,t,t,A,A,t,t,t,t,t,t,t,t,t,t,t,t,A,A,t,t,t,t,A,A,t,t,t,t,A,A,A,A,A,A,A,A,A,t,t,A,t,t,t,t,A,t,t,t,A,A,A,A,A,A,A,A,A,A,A,A,t,t,t,t,t,t,t,t,t,t,t,t,t,t,t,t,t,t,t,t,t,t,t,t,t,t,t,t,t,t,t,t,t,t,t,t,t,t,t,t,t,t,t,t,t,t,t,t,t,t,t,t,t,t,t,t,t,t,t,t,t,t,t,t,t,t,t,t,A,A,t,t,t,A,A,A,A,A,A,A,t,t,t,A,t,t,t,A,A,A,A,A,A,A,t,t,t,A,t,t,t,t,A,t,t,A,t,t,t,A,t,t,t,t,t,t,t,A,A,A,t,t,t,t,t,A,t,t,t,t,t,t,t,t,t,t,t,t,t,t,t,t,t,t,t,t,t,t,t,t,t,t,t,t,t,t,t,t,t,t,t,t,t,t,t,t,t,t,t,t,t,t,t,t,t,t,t,t,t,t,t,t,A,A,A,A,A,A,t,t,t,t,t,t,A,A,A,A,A,A,A,A,A,A,A,A,t,t,t,t,t,t,t,t,t,t,t,t,t,t,t,t,t,t,t,t,t,t,t,t,t,t,t,t,t,t,t,t,t,t,t,t,t,t,t,t,t,t,t,t,t,t,t,t,t,t,t,t,t,t,t,t,t,t,t,t,t,t,t,t,A,A,A,A,A,A,A,A,A,A,A,A,A,t,A,A,A,t,t,t,A,A,t,A,A,A,A,A,t,A,A,A,A,A,A,t,t,t,t,t,t,t,t,t,t,t,t,t,A,A,A,t,t,t,t,t,t,t,t,t,t,A,t,t,t,t,t,t,A,A,A,t,A,A,A,A,A,A,t,t,t,t,t,t,t,t,t,t,t,t,t,t,t,t,t,t,t,t,A,A,A,t,t,t,t,t,A,t,A,A,A,A,A,A,A,A,A,A,t,t,t,t,t,A,A,A,A,A,A,A,A,A,A,A,A,A,A,A,A,t,A,A,A,A,A,A,t,t,t,t,t,t,t,t,t,t,t,t,t,A,A,A,t
t,t,t,A,A,A,A,t,t,t,t,t,A,t,t,t,t,t,t,t,t,t,t,t,t,t,t,t,t,t,t,A,A,A,t,t,A,A,A,A,A,A,t,t,A,t,t,t,t,t,t,t,t,t,t,t,t,A,A,A,A,A,A,A,A,A,A,A,t,t,t,t,t,t,t,t,t,t,t,t,t,t,t,t,t,t,t,t,t,t,t,t,t,t,t,t,t,t,t,t,t,t,t,t,t,t,t,t,t,t,t,t,t,t,t,t,t,t,t,t,t,t,t,t,t,t,t,t,t,t,t,t,t,A,A,A,t,t,t,t,t,A,A,A,A,A,A,A,t,t,t,A,A,A,A,A,A,A,t,t,t,A,A,A,A,t,t,A,t,t,t,t,t,A,t,t,t,t,t,t,A,A,A,A,t,t,t,t,A,t,t,t,t,t,t,A,A,A,A,A,A,t,t,A,A,A,t,t,t,t,t,t,A,t,t,t,t,A,t,t,t,A,A,A,A,A,A,A,A,A,A,t,t,t,t,t,t,t,t,t,t,t,t,t,t,t,t,t,t,t,t,t,t,t,t,t,t,t,t,t,t,t,t,t,t,t,t,t,t,t,t,t,t,t,t,t,t,t,t,t,t,t,t,t,t,t,t,t,t,A,A,A,A,A,A,A,A,t,t,t,t,t,t,t,t,t,t,t,A,t,A,A,A,A,A,A,A,A,A,A,A,A,A,A,A,A,A,A,A,A,A,t,t,t,t,t,t,t,t,t,t,t,t,t,A,A,A,A,A,A,t,A,A,t,t,A,t,t,A,A,t,A,A,A,t,t,t,t,t,t,t,t,t,t,t,t,t,t,t,t,t,t,t,t,t,t,t,t,t,A,t,t,t,t,t,t,t,t,t,A,A,A,A,A,A,A,A,A,t,A,A,A,A,A,A,A,A,t,t,t,t,t,t,t,t,t,t,t,t,t,t,t,t,t,t,t,t,A,A,A,A,A,t,t,t,t,t,A,A,A,A,A,A,A,A,t,t,t,t,A,A,A,A,A,A,A,A,A,A,A,A,A,A,A,A,A,t,A,A,A,A,A,A,A,t,t,t,t,t,t,t,t,t,t,t,t,t,A,A,t
t,A,t,t,t,t,t,t,t,t,t,A,A,t,t,t,A,A,A,A,t,t,t,t,t,t,t,t,t,A,A,A,t,t,t,A,A,A,A,A,t,t,t,A,t,t,A,t,t,t,t,t,t,t,A,A,A,t,t,t,A,A,A,A,A,A,A,A,t,t,t,t,t,t,t,t,t,t,t,t,t,t,t,t,t,t,t,t,t,t,t,t,t,t,t,t,t,t,t,t,t,t,t,t,A,A,t,t,A,A,A,t,t,t,t,t,t,t,t,t,t,t,t,t,t,t,t,A,A,A,A,A,A,A,A,t,t,A,A,t,t,t,A,A,A,A,A,A,A,t,t,A,A,A,A,A,t,t,t,A,A,A,A,t,t,t,A,t,t,t,A,t,t,t,t,t,t,t,A,A,A,t,t,t,t,A,A,A,A,A,t,t,t,t,A,A,A,A,A,A,t,A,t,t,t,t,t,t,t,t,t,t,t,t,t,t,t,t,t,t,t,t,t,t,t,t,t,t,t,t,t,t,t,t,t,t,t,t,t,t,t,t,t,t,t,t,t,t,t,t,t,t,t,t,t,t,t,t,t,t,t,t,t,t,t,t,t,t,t,t,t,t,t,t,t,t,t,t,t,t,t,t,t,t,t,t,t,t,t,t,t,t,t,t,t,t,t,t,A,A,A,A,A,A,A,A,A,A,t,t,t,t,t,t,t,t,t,t,t,t,t,t,A,A,A,A,A,A,A,A,A,A,A,A,A,A,A,A,t,t,t,t,t,t,t,t,t,t,A,A,t,t,A,t,A,A,A,t,t,t,t,A,t,t,t,t,t,t,t,t,t,t,t,t,t,t,t,t,t,t,t,t,t,t,t,t,t,t,t,t,t,t,t,t,t,t,t,t,t,t,t,t,t,t,t,t,t,t,t,t,t,t,t,t,t,t,t,t,t,t,t,t,t,t,t,t,t,t,t,t,t,t,t,t,t,t,A,A,A,A,A,A,A,A,A,A,A,t,t,t,t,A,A,A,A,A,t,t,t,A,A,A,A,A,A,A,A,A,A,A,A,A,A,A,A,A,t,A,A,A,A,A,A,A,A,t,t,t,t,t,t,t,t,t,t,t,t,A,A,t
t,t,A,A,A,t,t,t,t,A,t,t,t,t,t,t,t,t,t,t,t,t,A,A,A,A,t,t,t,t,t,t,t,A,A,A,A,A,A,t,t,t,t,t,t,A,t,t,t,t,t,t,t,t,t,A,A,A,A,t,t,t,t,A,A,A,A,A,t,t,t,t,t,t,A,t,t,t,t,t,A,A,t,t,t,t,t,t,A,A,A,A,t,t,t,A,A,A,t,t,t,t,t,A,t,t,t,A,A,A,A,A,t,t,t,t,t,t,t,t,t,t,t,t,t,t,t,A,A,A,A,A,A,A,t,t,A,A,A,t,t,t,t,A,A,A,A,A,A,A,t,t,A,A,t,t,t,A,A,A,t,t,t,t,t,t,t,t,t,t,t,t,A,t,t,A,A,t,t,t,t,t,A,A,A,A,A,A,A,A,A,A,A,A,t,t,t,t,t,t,A,t,t,t,t,t,t,t,t,t,t,t,t,t,t,t,t,t,t,t,t,t,t,t,t,t,t,t,t,t,t,t,t,t,t,t,t,t,t,t,t,t,t,t,t,t,t,t,t,t,t,t,t,t,t,t,t,t,t,t,t,t,t,t,t,t,t,t,t,t,t,t,t,t,t,t,t,t,t,t,t,t,t,t,t,t,t,t,t,t,t,t,t,t,A,A,A,A,A,A,A,A,A,A,A,A,A,t,t,t,t,t,A,A,A,A,A,A,A,A,A,A,t,t,t,t,t,t,A,A,A,A,A,A,A,A,A,A,A,A,A,A,t,t,t,t,t,t,t,t,t,t,t,t,t,t,A,A,A,t,t,t,t,t,t,t,t,t,t,t,t,t,t,t,t,t,t,A,t,t,t,t,t,t,t,t,t,t,t,t,t,A,A,A,A,A,A,A,A,A,A,A,A,A,A,t,A,t,t,A,A,t,t,t,t,t,t,t,t,t,t,t,t,t,t,t,t,t,t,t,t,t,t,t,t,t,A,A,A,A,A,A,A,A,A,A,A,A,A,A,A,t,t,t,t,t,t,t,A,A,A,A,A,A,A,A,A,A,A,A,A,A,A,A,A,A,t,t,A,A,A,A,A,A,A,A,t,t,t,t,t,t,t,t,t,t,t,A,A,t
A,A,A,t,t,A,t,A,t,t,A,A,A,A,A,A,t,t,t,A,t,t,t,t,t,t,t,t,t,t,t,A,A,A,A,A,A,t,t,A,t,t,t,A,A,t,t,t,t,t,A,t,t,t,A,t,A,A,A,A,A,A,t,A,A,A,A,A,t,t,t,A,t,A,A,A,A,A,A,A,A,A,t,t,t,t,A,A,A,A,t,t,t,t,A,A,A,A,A,t,A,A,t,t,A,A,A,A,A,A,A,A,A,A,A,A,A,A,A,A,t,A,A,A,t,t,t,A,A,A,A,A,A,t,t,A,A,A,A,A,t,A,t,t,A,A,A,A,A,A,A,t,t,t,t,A,t,t,t,t,t,t,t,t,t,t,t,t,t,t,t,t,t,A,A,t,t,t,t,t,t,t,t,t,t,A,A,A,A,A,A,A,A,A,A,A,A,t,t,t,t,t,t,t,t,t,A,A,A,t,t,A,t,A,A,A,A,A,A,A,t,t,t,t,t,t,t,t,t,t,t,t,t,t,t,t,t,t,t,t,t,t,t,t,t,t,t,t,t,t,t,t,t,t,t,t,t,t,t,t,t,t,t,t,t,A,A,A,t,t,t,A,A,A,A,A,A,A,A,A,A,A,A,A,A,A,A,A,A,A,t,t,t,t,t,t,t,t,A,A,A,A,A,A,A,A,t,t,A,A,A,A,A,A,A,A,A,A,A,A,A,A,A,A,A,A,A,A,t,t,t,t,t,t,t,t,t,t,t,t,t,t,t,t,A,t,t,t,t,t,t,t,t,t,t,t,t,t,t,t,t,t,t,t,t,t,t,t,A,A,A,A,A,t,A,t,t,t,t,t,t,t,t,t,t,t,A,A,A,A,A,t,A,A,A,A,A,t,t,t,t,t,t,t,t,t,t,t,t,t,t,t,t,t,t,t,t,t,t,t,t,t,t,t,t,t,t,t,t,t,t,t,t,t,t,t,t,t,t,t,t,t,t,t,t,t,t,t,t,t,t,t,t,t,t,t,t,t,t,t,A,A,A,A,A,A,A,A,A,A,A,A,A,A,A,A,A,t,t,A,A,A,A,A,A,A,A,t,t,t,t,t,t,t,t,t,t,A,A,t
t,t,A,t,t,t,A,A,A,A,A,A,A,A,t,t,t,t,t,t,t,t,t,t,t,t,t,t,t,t,t,t,t,t,t,t,t,t,A,t,t,t,A,t,t,t,t,A,A,A,A,t,t,t,t,t,A,A,A,A,A,t,t,A,t,t,t,t,t,t,t,t,A,A,A,A,A,A,A,A,A,A,t,t,t,t,A,A,A,t,t,t,t,t,A,A,A,A,t,t,t,t,A,A,A,t,A,A,A,A,A,A,t,t,t,t,A,t,t,t,t,t,t,t,A,A,t,t,A,A,A,A,A,t,A,A,A,A,A,A,t,A,A,t,t,A,A,A,t,t,t,t,t,t,t,t,t,t,t,t,t,t,t,t,t,t,t,t,t,A,A,t,t,t,t,t,A,A,A,t,t,t,t,t,t,t,t,A,A,A,A,A,A,A,A,t,t,t,t,t,A,t,t,t,A,t,t,t,t,t,t,t,t,t,t,t,t,t,t,t,t,t,t,t,t,t,t,t,t,t,t,t,t,t,t,t,t,t,t,t,t,t,t,t,t,t,t,t,t,t,t,t,t,t,t,t,t,t,t,t,t,t,t,t,t,t,t,t,A,A,A,A,A,A,A,A,A,A,A,A,A,A,A,A,A,A,t,t,t,t,A,A,A,A,A,A,A,t,t,t,t,t,t,t,A,A,t,t,t,t,t,t,t,t,t,t,t,t,t,A,A,A,A,A,A,A,A,A,A,A,A,A,A,A,A,A,t,t,t,t,t,t,t,t,t,t,t,t,t,t,t,A,t,A,t,t,t,t,t,t,t,t,t,t,t,t,t,t,t,t,t,t,t,t,t,t,t,t,A,t,t,t,t,t,A,A,A,A,A,A,A,t,t,t,t,t,t,t,t,t,t,t,t,t,t,t,t,t,t,t,t,t,t,t,t,t,t,t,t,t,t,t,t,t,t,t,t,t,t,t,t,t,t,t,t,t,t,t,t,t,t,t,t,t,t,t,t,t,t,t,t,t,t,t,t,t,t,A,A,A,t,t,t,t,A,A,A,A,A,A,A,A,A,A,A,A,A,A,t,t,A,A,A,A,A,A,A,A,t,t,t,t,t,t,t,t,t,A,A,t
t,t,t,t,t,t,t,t,t,t,t,t,t,t,t,t,t,t,A,A,A,t,t,t,t,t,t,t,t,t,t,t,t,t,t,t,t,t,t,t,t,t,t,t,t,t,A,A,A,A,A,t,t,t,t,t,A,A,A,A,t,t,t,t,t,t,t,A,t,t,t,t,A,A,A,A,A,A,A,A,A,A,t,t,t,A,A,A,t,t,t,t,A,A,A,A,A,t,t,A,A,A,A,t,t,t,t,t,t,t,t,t,t,t,t,t,t,t,t,t,t,A,A,A,A,A,A,t,A,A,A,A,t,t,A,A,A,A,A,A,t,A,A,A,t,t,t,t,A,t,t,t,t,t,t,t,t,A,t,t,t,t,t,t,t,t,t,t,t,A,A,A,t,t,A,A,A,A,A,A,A,A,t,t,t,t,t,A,A,A,A,A,A,A,t,t,t,A,A,A,t,t,t,t,t,t,A,t,t,t,t,t,A,A,A,A,A,t,t,t,t,t,t,t,t,t,t,t,t,t,t,t,t,t,t,t,t,t,t,t,t,t,t,t,t,t,t,t,t,t,t,t,t,t,t,t,t,t,t,t,t,t,t,t,t,t,t,t,t,A,A,A,A,A,A,A,A,t,t,t,t,t,t,t,t,t,A,A,A,A,A,A,A,t,t,t,t,t,t,t,t,t,t,t,t,t,t,t,t,t,t,t,t,t,t,t,t,t,t,t,t,t,t,t,t,t,t,t,t,t,t,t,t,t,t,A,t,A,A,A,A,A,A,A,t,t,t,t,t,t,t,t,t,t,t,t,t,t,t,t,t,t,t,t,t,t,t,t,t,t,t,t,t,t,t,t,t,t,t,t,t,t,t,t,t,t,t,t,t,t,t,t,t,t,t,t,t,t,t,t,t,t,t,t,t,t,t,t,t,t,t,t,t,t,t,t,t,t,t,t,t,t,t,t,t,t,t,t,t,t,t,t,t,t,t,t,t,t,t,t,t,t,t,t,t,t,t,t,t,t,t,t,t,t,t,t,t,A,A,A,A,A,A,A,t,t,t,t,t,A,A,A,A,A,A,A,A,A,A,t,t,A,A,A,A,A,A,A,A,A,t,t,t,t,t,t,t,A,A,t
t,t,t,t,t,t,t,t,t,t,t,t,t,t,t,A,A,t,t,t,t,A,A,A,t,t,A,A,A,A,A,t,t,t,t,A,t,t,t,t,t,t,t,t,t,t,t,t,t,A,A,t,t,t,t,t,A,t,t,t,t,t,t,t,A,A,A,A,t,t,t,A,A,A,A,A,A,A,A,A,A,A,t,A,t,A,A,A,t,t,t,A,t,t,t,t,t,t,t,t,t,t,t,t,t,t,t,t,t,t,t,t,t,t,A,A,A,A,t,A,A,A,A,A,A,A,A,t,t,A,A,t,t,A,A,A,A,A,A,A,t,A,A,A,t,t,t,t,t,t,t,t,t,t,A,t,t,t,t,t,A,A,A,A,A,A,A,A,t,A,A,A,A,t,A,A,A,A,A,A,A,A,A,t,t,t,t,t,t,A,A,A,A,t,t,A,t,t,t,t,t,t,t,t,t,t,t,t,A,t,t,t,t,t,t,t,t,t,A,A,A,A,A,A,t,t,t,t,t,t,t,t,t,t,t,t,t,t,t,t,t,t,t,t,t,t,t,t,t,t,t,t,t,t,t,t,t,t,t,t,t,t,t,t,t,t,t,t,t,t,t,t,t,t,t,t,t,A,A,A,A,A,A,A,A,A,A,A,t,t,t,t,t,A,A,A,t,t,t,t,t,t,t,t,t,t,t,t,t,t,t,t,t,t,t,t,t,t,t,t,t,t,t,t,t,t,t,t,t,t,t,t,t,t,t,t,t,t,t,t,t,t,t,t,t,t,t,t,t,t,t,t,t,t,t,t,t,t,A,A,A,A,t,A,A,t,t,t,t,t,t,A,A,t,t,t,t,t,t,t,t,t,t,t,t,t,t,t,t,t,A,t,t,t,t,t,t,t,t,t,t,t,t,A,t,t,t,t,t,A,A,A,A,A,A,A,A,t,t,t,t,t,t,t,t,t,t,t,t,t,t,t,t,t,t,t,t,t,t,t,t,t,t,t,t,t,t,t,t,t,t,t,t,t,t,t,t,t,t,t,t,t,A,A,A,A,A,A,A,t,t,t,t,A,A,A,A,A,A,A,A,t,t,A,A,A,A,A,A,A,A,t,t,t,t,t,t,A,A,t
t,t,t,A,A,A,A,A,t,t,t,A,t,t,t,t,t,A,A,A,A,A,A,t,A,A,A,A,A,A,A,A,A,t,t,t,t,t,t,t,t,t,t,t,t,t,t,t,t,t,t,t,t,A,t,t,t,t,t,t,t,A,A,A,A,A,t,t,t,t,t,A,A,A,A,A,A,A,A,t,t,t,t,t,t,t,t,t,t,t,t,t,A,t,t,t,t,t,t,t,t,t,t,t,t,t,t,t,t,t,t,A,A,A,A,A,A,t,A,A,A,A,A,A,A,A,A,A,t,t,t,t,t,t,A,A,A,A,A,A,t,A,A,A,t,t,t,t,t,t,t,t,t,t,t,t,t,A,A,A,A,A,A,A,A,A,A,A,t,t,A,A,A,t,t,A,A,A,A,A,A,A,A,A,A,t,t,t,t,A,A,t,t,t,t,t,t,t,t,t,t,t,t,A,A,t,t,t,t,t,t,t,t,t,t,t,t,t,t,t,t,t,t,t,t,t,t,t,t,t,t,t,t,t,t,t,t,t,t,t,t,t,t,t,t,t,t,t,t,t,t,t,t,t,t,t,t,t,t,t,t,t,t,t,t,t,t,t,t,t,t,A,A,A,A,A,A,A,A,A,A,A,A,t,t,t,t,t,A,A,A,A,t,t,t,t,t,A,A,A,A,A,t,t,t,t,t,t,t,t,t,t,t,t,t,t,t,t,t,t,t,t,t,t,t,t,t,t,t,t,t,t,t,t,t,t,t,t,t,t,t,t,t,t,t,t,t,t,t,t,t,t,t,t,t,t,t,t,t,t,t,t,t,t,t,t,t,t,t,t,t,t,t,t,t,t,t,t,t,t,t,t,t,t,t,t,t,t,t,t,t,t,t,t,t,t,t,t,t,t,t,t,t,t,t,t,t,t,t,t,t,t,t,t,t,t,t,A,A,A,A,A,A,t,t,t,t,t,t,t,t,t,A,A,A,A,A,A,t,A,t,t,A,A,A,t,A,A,A,A,A,A,A,A,A,A,A,A,A,A,A,A,t,t,t,A,A,A,A,A,A,A,A,t,t,t,t,A,A,A,A,A,t,t,t,A,A,A,A,A,A,A,A,A,t,t,t,A,A,t
A,A,A,A,A,A,t,t,t,t,t,t,t,A,A,A,A,A,A,A,A,A,t,A,A,A,A,A,A,A,A,A,t,t,t,t,t,t,t,t,t,t,A,A,A,A,t,t,t,t,t,t,t,t,t,t,A,t,t,A,A,A,A,A,A,A,t,t,t,t,t,t,t,t,t,t,t,t,t,t,t,t,t,t,t,t,t,t,t,t,t,t,t,t,t,t,t,t,A,A,A,A,A,A,t,t,t,A,A,A,A,A,A,A,A,A,t,A,A,A,A,A,A,A,A,t,t,t,t,t,t,A,A,t,A,A,A,A,A,A,t,t,t,t,t,t,t,t,t,t,t,t,t,t,t,A,A,A,t,t,t,t,A,A,A,A,A,A,t,t,t,A,A,A,t,t,A,A,A,A,A,A,A,A,A,A,t,A,t,t,t,t,t,t,t,t,t,t,t,t,t,t,t,t,t,t,t,t,t,t,t,t,t,t,t,t,t,t,t,t,t,t,t,t,t,t,t,t,t,t,t,t,t,t,t,t,t,t,t,t,t,t,t,t,t,t,t,A,A,A,A,A,t,t,t,t,t,t,t,t,t,t,A,A,t,t,A,A,A,A,A,A,A,A,A,A,A,A,A,A,A,t,t,A,A,A,A,A,A,t,t,t,A,t,A,t,A,t,t,t,t,t,A,t,t,t,t,t,t,t,t,t,t,t,t,t,t,t,t,t,t,t,t,t,t,t,A,A,A,A,A,A,A,A,A,A,t,t,t,t,t,A,A,A,A,A,t,t,t,t,t,t,t,t,t,t,t,t,t,t,t,t,t,t,t,A,A,A,t,A,A,A,A,A,A,A,A,A,t,t,t,t,t,t,t,t,t,A,A,A,A,t,t,t,t,t,t,t,t,t,t,t,t,t,t,t,t,t,t,t,t,t,t,t,t,t,t,t,A,A,t,t,t,t,A,A,A,A,A,t,A,A,A,A,A,A,A,A,t,t,A,A,A,A,A,t,A,A,A,A,A,A,A,A,A,A,A,A,A,t,t,t,t,A,A,A,A,A,A,A,A,A,A,A,A,A,A,t,t,t,t,A,A,A,t,t,t,A,A,A,A,A,A,A,A,A,t,A,A,t
A,A,A,A,t,t,t,A,A,A,t,t,t,t,t,t,t,t,t,t,t,t,A,A,A,A,A,A,A,t,t,t,t,t,t,t,t,t,t,t,t,A,A,A,A,A,A,A,A,t,t,t,t,t,t,t,t,t,A,A,A,A,A,t,t,t,t,t,t,t,t,t,t,t,t,t,t,t,t,t,t,t,t,t,t,t,t,t,t,t,t,t,t,t,t,t,t,t,t,t,t,t,t,t,t,t,t,t,t,t,t,t,A,A,t,t,A,A,A,A,A,A,t,t,t,A,A,A,A,A,t,A,t,A,A,A,A,A,A,A,A,t,t,t,t,t,t,t,t,t,t,t,t,t,t,t,t,t,t,t,t,t,A,A,A,A,A,A,A,t,t,t,A,A,A,t,A,A,A,A,A,t,t,A,A,A,A,t,t,t,A,t,t,t,A,t,t,t,t,t,t,t,t,t,t,t,t,t,t,t,t,A,A,A,A,A,A,A,A,A,A,A,A,t,t,A,A,A,A,t,t,t,t,t,t,t,t,t,A,A,A,A,A,A,A,A,t,t,t,t,t,t,A,A,A,A,A,t,t,t,t,t,t,t,A,t,A,A,A,A,A,A,A,A,A,A,A,A,A,A,A,t,t,A,A,t,t,t,t,A,t,t,t,t,t,A,t,t,t,A,A,A,t,t,t,t,t,A,A,t,t,t,t,t,t,t,t,t,t,t,t,t,t,t,t,t,t,t,t,t,t,t,t,t,t,t,t,t,t,t,t,t,t,t,t,t,t,t,t,t,t,t,t,t,t,t,t,t,A,t,t,t,t,t,t,t,A,t,A,A,A,A,A,A,A,A,A,A,A,A,A,A,A,A,A,A,A,t,t,t,t,t,A,A,A,t,t,t,t,t,t,t,t,A,A,A,A,A,A,A,t,t,t,t,t,t,t,A,A,A,t,t,t,t,t,t,t,t,t,t,t,t,t,t,t,t,t,t,t,t,t,t,t,t,t,t,t,t,t,t,t,t,t,t,t,t,t,t,t,t,t,t,t,t,A,A,A,A,A,A,A,A,A,A,A,A,A,A,A,A,A,t,t,A,A,A,A,t,t,A,A,A,A,A,A,A,t,A,A,t
t,t,t,t,t,t,t,t,t,t,t,t,t,A,A,A,A,A,A,t,t,A,A,A,A,t,t,t,t,t,t,t,t,t,t,t,t,t,t,t,A,A,A,A,A,A,A,A,A,t,t,t,t,t,t,A,A,A,A,A,A,A,A,A,t,t,t,t,t,A,A,A,t,t,t,t,t,t,t,t,t,t,t,t,t,t,t,t,t,t,t,t,t,t,t,t,t,t,t,t,t,t,t,t,t,t,t,t,t,t,t,t,t,t,t,t,t,t,t,t,t,t,t,t,t,t,t,t,t,t,t,t,t,t,t,t,t,t,t,t,t,t,t,t,t,t,t,t,t,t,t,A,A,A,t,t,t,A,A,A,A,A,A,A,A,A,A,A,A,A,t,t,t,A,A,A,t,t,A,t,t,A,t,t,A,A,A,t,t,t,t,t,t,t,t,t,t,t,t,t,t,t,t,t,t,t,t,t,A,A,t,t,A,A,A,A,A,A,A,A,A,t,t,A,A,A,A,t,t,t,t,t,t,t,A,t,t,t,A,A,A,t,t,t,t,t,A,A,A,A,A,t,t,t,t,t,t,t,t,t,t,t,t,t,t,t,t,t,t,t,t,t,t,t,t,t,t,t,A,A,A,t,t,t,t,t,t,t,t,t,t,t,t,A,A,A,A,A,A,t,t,t,t,A,t,A,A,t,t,t,t,t,t,t,t,t,t,t,t,t,t,t,t,t,t,t,t,t,t,t,t,t,t,t,t,t,t,t,t,t,t,t,t,t,t,t,t,t,t,t,t,t,t,t,t,t,t,t,t,t,t,t,t,t,t,t,t,t,t,t,t,t,t,t,t,t,t,t,t,t,t,t,t,t,t,t,t,t,t,t,t,t,t,t,t,t,t,t,t,t,t,t,t,t,t,t,t,t,t,t,t,t,t,t,t,t,t,t,t,t,t,t,t,A,A,A,A,A,A,t,t,t,t,A,A,A,t,t,t,t,t,t,t,t,t,t,A,A,A,A,A,A,A,A,A,A,A,A,A,A,A,A,t,t,A,A,A,A,A,A,A,A,A,A,A,A,A,A,A,A,A,A,A,t,t,A,A,A,t,t,A,A,A,A,A,t,t,A,A,t
A,A,t,t,A,A,A,A,t,t,A,A,t,A,A,A,A,A,t,t,t,t,t,t,t,t,t,t,t,t,t,t,t,t,t,t,t,t,A,A,A,A,A,A,A,A,t,t,t,t,t,t,A,A,A,A,A,A,A,A,A,A,A,t,t,t,t,t,t,A,t,t,t,t,t,t,t,t,t,t,t,t,t,t,t,t,t,t,t,t,t,t,t,t,t,t,t,t,t,t,t,t,t,t,t,t,t,t,t,t,t,t,A,A,A,t,t,t,t,t,t,t,t,t,t,t,t,t,t,t,t,t,t,t,t,t,t,t,t,t,t,t,t,t,t,t,t,t,t,t,t,t,t,t,t,t,t,t,t,t,t,t,t,t,t,t,t,t,t,t,t,t,t,t,A,A,A,t,t,t,A,A,A,t,A,A,t,t,t,t,t,t,t,t,t,t,t,t,t,t,t,t,t,t,t,t,t,A,A,A,t,t,t,t,A,A,A,A,A,t,t,t,A,A,A,t,t,t,t,t,t,t,A,A,A,t,t,t,t,t,t,A,A,A,A,A,A,A,t,t,t,t,t,t,t,t,t,t,t,t,t,t,A,A,t,t,t,t,t,t,t,A,A,A,A,A,t,t,t,t,t,t,t,t,A,t,t,A,t,t,t,t,A,A,A,A,A,A,A,A,A,A,A,t,t,t,t,t,t,t,t,t,t,t,t,t,t,t,t,t,t,t,t,t,t,t,t,t,t,t,t,t,t,t,t,t,t,t,t,t,t,t,t,t,t,t,t,t,t,t,t,t,t,t,t,t,t,t,t,t,t,t,t,t,t,t,t,t,t,t,t,t,t,t,t,A,A,A,A,t,t,A,A,A,A,A,t,A,A,A,A,A,t,t,A,A,A,A,t,t,A,A,A,A,t,t,t,t,t,t,t,t,t,t,t,t,t,t,t,t,t,t,t,t,t,t,t,t,t,t,t,t,t,t,t,t,A,A,A,A,A,A,t,t,A,A,A,A,A,A,A,A,A,A,A,A,A,A,A,A,A,t,A,A,A,A,A,A,A,A,A,A,A,A,A,A,A,A,A,A,A,A,A,A,t,A,A,A,A,t,A,A,A,A,t,t,A,A,A,t
A,A,A,A,A,A,A,t,t,t,A,A,A,t,A,A,A,A,t,A,A,A,A,t,t,t,t,t,t,t,t,t,t,t,t,t,t,A,A,A,A,A,A,A,t,t,t,t,t,t,A,A,A,A,A,A,A,A,A,A,A,t,t,t,t,t,t,t,A,A,t,t,t,t,t,t,t,t,t,t,t,t,t,t,t,t,t,t,t,A,t,t,t,t,t,t,t,t,t,t,t,t,t,t,t,t,t,t,t,t,t,t,t,t,t,t,t,t,t,t,t,t,t,t,t,t,t,t,t,t,t,t,t,t,t,t,t,t,t,t,t,t,t,t,t,t,t,t,t,t,t,t,t,t,t,t,t,t,t,t,t,t,t,t,t,t,t,t,t,t,t,t,t,t,t,t,t,t,t,t,t,t,t,t,t,t,t,t,t,t,t,t,t,t,t,t,t,t,t,t,t,t,t,t,t,t,A,A,A,A,t,A,A,t,t,A,A,t,t,t,A,A,A,t,t,t,t,t,t,t,A,A,t,t,t,t,t,t,A,t,t,t,A,t,t,t,t,t,t,t,t,t,t,t,t,t,t,t,t,t,t,t,t,t,A,A,A,A,A,t,A,A,A,A,t,t,t,t,A,A,A,A,A,A,A,A,t,t,t,t,t,t,t,A,A,A,A,A,A,A,A,A,A,A,A,A,A,A,t,t,t,t,A,A,A,A,t,t,t,t,t,t,t,t,t,t,t,t,t,t,t,t,t,t,t,t,t,t,t,t,t,t,t,t,t,t,t,t,t,t,t,t,t,t,t,t,t,t,t,t,t,A,A,A,t,t,t,t,t,t,t,t,t,t,t,t,t,t,t,t,t,t,t,t,t,t,t,t,t,t,t,t,t,t,t,t,t,t,t,t,t,t,t,t,t,t,t,t,t,t,t,t,t,A,A,A,A,A,A,A,A,t,t,t,A,A,A,A,A,t,t,A,A,A,A,t,t,t,t,A,A,A,A,A,A,A,A,A,A,A,A,A,A,A,A,A,A,A,t,t,t,A,A,A,A,A,A,A,A,A,A,A,A,A,A,A,A,A,A,A,A,A,A,t,A,A,A,A,A,t,t,A,A,A,t,A,A,A,A,t
A,A,A,A,A,A,t,t,t,t,A,A,A,t,t,A,A,A,A,A,A,t,t,t,t,t,t,t,t,t,t,t,t,t,t,A,A,A,A,A,A,t,t,t,t,t,t,t,A,A,A,A,A,A,A,A,A,A,t,t,t,t,t,t,t,t,t,t,A,t,t,t,t,t,A,A,A,t,t,t,t,t,t,t,t,t,t,t,t,t,t,t,t,t,t,t,t,t,t,t,t,t,t,t,t,t,t,t,t,t,t,t,t,t,t,t,t,t,t,t,t,t,t,t,t,t,t,t,t,t,t,t,t,t,t,t,t,t,t,t,t,t,t,t,t,t,t,t,t,t,t,t,t,t,t,t,t,t,t,t,t,t,t,t,t,t,t,t,t,A,A,t,t,A,t,t,A,A,A,A,t,t,t,t,t,t,t,t,A,t,t,t,t,t,t,t,t,t,t,t,t,t,t,t,t,A,A,A,A,A,t,A,A,A,A,t,t,t,t,A,A,A,t,t,t,t,t,t,A,t,t,t,t,t,t,t,t,t,t,t,t,t,t,t,t,t,t,t,t,t,t,t,t,t,t,t,t,t,t,A,A,t,A,A,A,A,A,t,t,t,t,t,t,t,t,t,A,A,A,A,A,A,A,t,t,t,t,A,t,t,t,t,t,t,t,t,t,t,t,t,t,t,t,A,A,A,A,A,A,A,t,t,t,t,t,t,t,t,t,t,t,t,t,t,t,t,t,t,t,t,t,t,t,A,A,A,A,A,A,A,A,A,A,A,A,A,A,A,A,A,t,t,t,t,t,t,t,t,t,t,t,t,t,t,t,t,t,t,t,t,t,t,t,t,t,t,t,t,t,t,t,t,t,t,t,t,t,t,t,t,t,A,A,A,A,A,A,t,A,A,A,A,A,A,A,A,A,t,t,t,t,t,t,t,t,t,t,t,t,t,t,t,t,A,A,A,A,A,A,A,A,t,t,t,t,A,A,A,A,t,t,t,t,A,A,A,A,A,A,A,A,A,A,A,A,t,t,t,A,A,A,A,A,A,A,A,A,A,A,A,A,A,A,A,A,A,A,A,A,A,A,A,t,A,A,A,A,A,A,A,t,t,A,A,A,A,A,A,A,t
A,A,A,A,A,A,t,t,t,A,A,A,A,A,t,t,t,t,A,A,t,t,t,t,t,t,t,t,t,t,t,t,t,t,t,A,t,t,t,t,t,t,t,t,t,A,A,A,t,t,A,A,A,t,t,t,t,t,t,t,t,t,t,t,t,A,t,A,A,t,t,t,t,t,t,t,t,t,t,t,t,t,t,t,t,t,t,t,t,t,t,t,t,t,t,t,t,t,t,t,t,t,A,A,A,A,t,t,t,A,A,A,A,A,A,A,A,A,t,t,t,t,t,t,t,t,t,t,t,t,t,t,t,t,t,t,t,t,t,t,t,t,t,t,t,t,t,t,t,t,t,t,t,t,t,t,t,t,t,t,t,t,t,t,t,t,t,t,t,t,t,t,t,t,t,t,t,t,t,t,t,t,t,t,A,A,A,A,t,t,t,t,t,t,t,t,t,t,t,t,t,t,t,t,t,A,A,A,A,A,t,A,A,A,t,t,t,t,t,t,t,t,t,t,t,t,t,t,t,A,A,t,t,t,t,t,t,t,t,t,t,t,t,t,t,t,t,t,t,t,t,t,t,t,t,t,t,t,t,t,t,t,t,t,t,t,t,t,t,t,t,t,t,t,t,t,t,t,t,t,t,t,t,t,t,t,t,t,A,A,t,t,A,A,A,A,A,A,A,A,A,A,A,t,t,t,t,t,t,t,t,t,t,t,t,t,t,t,t,t,t,t,t,t,t,t,t,t,t,t,t,t,t,t,t,t,t,t,t,t,t,t,t,t,t,t,t,t,t,t,t,t,t,t,t,t,t,t,t,t,t,t,t,t,t,t,t,t,t,t,t,t,t,t,t,t,t,t,t,t,t,t,t,t,t,t,t,t,t,t,t,t,t,t,t,t,t,t,t,t,t,t,t,t,t,t,t,t,t,t,t,t,t,t,t,t,t,t,t,A,A,A,A,A,A,A,A,A,t,t,t,t,t,t,A,A,A,A,A,A,A,A,A,t,t,t,t,A,A,A,A,t,t,t,t,A,A,A,A,A,A,A,A,A,A,A,A,A,A,A,A,A,A,A,A,A,A,A,A,A,A,t,A,A,A,A,A,A,A,A,A,t,A,A,A,A,A,A,A,t
A,A,A,A,t,t,A,t,A,A,A,A,A,A,t,t,t,t,t,t,t,t,t,t,t,t,t,t,t,t,t,A,t,t,t,t,A,t,t,t,t,t,A,t,t,t,t,t,A,A,A,t,t,t,t,t,t,t,t,t,t,t,t,A,A,A,t,t,t,t,t,t,t,t,t,t,t,t,t,t,t,t,t,t,t,t,t,t,t,t,t,t,t,t,t,t,t,t,t,t,t,t,t,t,t,t,t,t,t,t,t,t,t,t,t,t,t,t,t,t,t,t,t,t,t,t,t,t,t,t,t,t,t,t,t,t,t,t,t,t,t,t,t,t,t,t,t,t,t,t,t,t,t,t,t,t,t,t,t,t,t,t,t,t,t,t,t,t,A,A,A,A,A,t,A,A,A,t,t,t,t,t,t,A,A,A,A,A,t,t,t,t,t,t,t,t,t,t,t,t,t,t,t,t,A,A,A,A,A,A,t,A,A,t,A,t,A,A,t,t,t,t,t,t,t,t,t,A,t,t,t,t,t,t,t,t,A,t,t,t,t,t,A,t,t,A,t,t,t,t,t,t,t,t,t,t,t,t,t,t,t,t,t,t,t,A,A,A,A,A,t,t,A,A,A,A,t,t,t,t,t,t,t,t,A,t,t,t,t,t,A,A,A,A,A,A,A,t,t,t,t,t,t,t,t,t,t,t,t,t,t,t,t,t,t,t,t,t,t,t,t,t,t,t,t,t,t,t,t,t,t,t,t,t,t,t,t,t,t,t,t,t,t,t,t,t,t,t,t,t,t,t,t,t,t,t,t,t,t,t,t,t,t,t,t,t,t,t,t,t,t,t,t,t,t,t,t,t,t,t,t,t,t,t,t,t,t,t,t,t,t,t,t,t,t,t,t,t,t,t,t,t,t,t,t,t,t,t,t,t,A,A,A,A,A,A,A,A,A,A,A,t,t,t,t,t,t,t,A,t,t,t,t,t,t,t,t,t,t,t,t,t,t,t,t,t,t,t,t,t,t,t,t,t,t,t,t,t,t,t,t,t,t,t,t,t,t,t,t,A,A,A,A,A,A,A,A,A,t,t,t,A,A,A,A,A,A,A,A,A,A,t,t,A,A,A,A,A,A,t
A,t,t,t,t,t,t,t,A,A,A,A,A,t,t,t,t,t,A,A,t,t,t,A,t,t,t,t,t,A,A,A,A,t,t,t,t,t,t,t,t,t,t,t,t,t,t,t,t,t,t,t,t,t,t,t,t,t,A,t,t,t,t,t,t,A,A,A,A,A,A,t,t,t,t,t,t,t,t,t,t,t,t,t,t,t,t,t,t,t,t,t,t,t,t,t,t,t,t,t,t,t,t,t,t,t,t,t,t,t,t,t,t,t,t,t,t,t,t,t,t,t,t,t,t,t,t,t,t,t,t,t,t,t,t,t,t,t,t,t,t,t,t,t,t,t,t,t,t,A,A,A,A,A,A,A,A,t,A,A,A,A,A,A,A,A,A,A,A,A,A,A,A,t,A,t,t,t,A,t,t,t,t,A,A,A,A,t,t,t,t,t,t,t,t,t,t,t,t,t,t,t,t,t,A,A,A,A,A,A,t,A,t,A,t,A,t,t,A,t,t,t,t,t,t,t,t,t,t,t,t,t,t,t,A,t,t,t,t,t,A,t,t,t,t,t,t,t,t,t,t,t,t,t,t,t,t,t,t,t,t,t,A,A,A,A,A,A,t,t,A,A,A,t,t,t,A,t,t,t,A,A,t,t,t,A,t,t,A,A,A,t,t,t,t,t,t,A,A,A,A,t,t,t,t,t,t,t,t,t,t,t,t,t,t,t,t,t,t,t,t,t,t,t,t,t,t,t,t,t,t,t,t,t,t,t,t,t,t,t,t,t,t,t,t,t,t,t,t,t,t,t,t,t,t,t,t,t,t,t,t,t,t,t,t,t,t,t,t,t,t,t,t,t,t,t,t,t,t,t,t,t,t,t,t,t,t,t,t,t,t,t,t,t,t,t,t,t,t,t,t,t,t,t,t,t,t,t,t,t,t,t,t,t,t,t,t,t,t,t,t,A,A,A,A,A,A,t,t,t,t,t,t,t,t,t,t,t,t,t,t,A,A,A,A,A,A,A,A,A,A,t,t,t,t,t,A,A,A,A,A,t,t,t,t,t,t,t,A,A,A,A,t,t,t,t,t,t,A,A,A,A,A,A,A,A,A,A,A,A,A,A,t,t,A,A,A,A,A,t
A,t,t,t,t,t,t,A,A,A,t,t,t,t,t,t,t,A,A,t,t,A,A,A,t,t,t,t,A,A,t,t,t,t,A,A,t,t,t,t,t,t,t,t,t,t,t,t,t,t,t,t,t,t,t,A,t,t,t,t,t,t,t,t,t,t,t,t,t,t,t,t,t,t,t,t,t,t,t,t,t,t,t,t,t,t,t,t,t,t,t,t,t,t,t,t,t,t,t,t,t,t,t,t,t,t,t,t,t,t,t,t,t,t,t,t,t,t,t,t,t,t,t,t,t,t,t,t,t,t,t,t,t,t,t,t,t,t,t,t,t,t,t,t,t,t,t,t,t,t,t,t,t,t,t,t,t,t,t,t,t,t,t,t,t,t,t,t,t,t,t,t,t,t,t,t,t,t,t,t,t,t,t,t,t,t,t,t,t,t,t,t,t,t,t,t,t,t,t,t,t,t,t,t,t,t,t,t,t,t,t,t,t,t,t,t,t,t,t,t,t,t,t,t,t,t,t,t,t,t,A,t,t,t,t,t,t,t,t,t,t,t,t,A,A,t,t,t,t,t,t,t,t,t,t,t,A,A,A,A,A,A,A,A,A,A,A,t,A,t,t,t,t,A,A,t,t,t,t,t,t,t,A,A,t,t,A,A,A,t,t,A,A,A,A,A,t,t,t,t,t,t,A,A,t,t,t,t,t,t,t,t,t,t,t,t,t,t,t,t,t,t,t,t,t,t,t,t,t,t,t,t,t,t,t,t,t,t,t,t,t,t,t,t,t,t,t,t,t,t,t,t,t,t,t,t,t,t,t,t,t,t,t,t,t,t,A,A,t,t,t,t,t,t,t,t,t,t,t,t,t,t,t,t,t,t,t,t,t,t,t,t,t,A,A,A,A,A,A,A,A,A,A,A,A,t,A,A,A,A,A,A,A,A,A,A,A,A,A,A,A,t,A,A,A,A,t,t,t,A,A,A,A,A,t,t,A,A,A,A,A,A,A,A,A,A,A,A,A,A,A,A,A,A,A,A,t,t,t,t,t,t,t,t,t,t,t,t,t,t,t,t,t,t,t,t,t,t,t,t,t,t,t,t,t,t,t,t,t,t,t,t,t,t,t,t,t,t,t,t
